[
  {
    "chunk_id": "a53da059-38ac-4d3a-b4ef-0e40cb60e884",
    "embeddings": [
      -0.025260351598262787,
      0.07529402524232864,
      -0.013531018048524857,
      -0.04442482441663742,
      0.021329401060938835,
      -0.03598402813076973,
      0.14812679588794708,
      0.031893134117126465,
      -0.007780352607369423,
      -0.06954829394817352,
      -0.019792279228568077,
      -0.017025649547576904,
      0.06660062819719315,
      -0.0120429378002882,
      -0.04867454618215561,
      0.06491003185510635,
      -0.055949244648218155,
      -0.030040156096220016,
      -0.029610054567456245,
      0.03358268737792969,
      0.012714953161776066,
      0.09560222923755646,
      -0.08911169320344925,
      0.03771451115608215,
      -0.05385144427418709,
      0.05375779792666435,
      -0.004164932295680046,
      -0.007203008979558945,
      -0.010904123075306416,
      0.022378847002983093,
      0.12606878578662872,
      0.15464557707309723,
      -0.05947675183415413,
      -0.002883537905290723,
      0.05563214421272278,
      -0.00673700263723731,
      0.08561224490404129,
      0.02010197751224041,
      0.057010065764188766,
      -0.039785079658031464,
      0.0963221862912178,
      0.01955120824277401,
      -0.009446190670132637,
      -0.009741785936057568,
      -0.006961514707654715,
      -0.024415941908955574,
      -0.03973442316055298,
      -0.003106325166299939,
      -0.07641372084617615,
      0.015011029317975044,
      -0.0745726078748703,
      -0.03633776679635048,
      -0.040733590722084045,
      0.06948842108249664,
      0.01144025195389986,
      0.04114275053143501,
      -0.12009946256875992,
      -0.047752998769283295,
      0.03733367472887039,
      0.08394672721624374,
      -0.01834438554942608,
      -0.0461946502327919,
      0.08463307470083237,
      0.005004786886274815,
      -0.08763784915208817,
      -0.0873556062579155,
      -0.030148006975650787,
      -0.0009682610398158431,
      0.0215663630515337,
      0.043611954897642136,
      0.01348019391298294,
      0.05810483545064926,
      -0.08279189467430115,
      0.003411763347685337,
      -0.003923763055354357,
      -0.024763453751802444,
      -0.0015745810233056545,
      0.0006151327979750931,
      -0.027948234230279922,
      -0.008394542150199413,
      -0.0475260354578495,
      -0.02024671994149685,
      -0.009406229481101036,
      -0.018588313832879066,
      0.004153812304139137,
      0.0051015266217291355,
      -0.06733562052249908,
      -0.055931638926267624,
      0.03544711694121361,
      0.016896821558475494,
      -0.037753067910671234,
      -0.08408430963754654,
      0.04265834391117096,
      0.052664756774902344,
      0.002092244103550911,
      0.018350884318351746,
      0.0590265616774559,
      0.002896819496527314,
      -0.009355416521430016,
      0.09648651629686356,
      -0.0648571327328682,
      0.015877030789852142,
      -0.06713134795427322,
      0.024958990514278412,
      0.006579018663614988,
      0.014779907651245594,
      0.01025399286299944,
      -0.04826373606920242,
      -0.02715354785323143,
      -0.045545246452093124,
      -0.033416930586099625,
      -0.025855176150798798,
      0.02628800831735134,
      0.011954805813729763,
      0.005831958260387182,
      0.03680085390806198,
      0.04535374417901039,
      0.004006251227110624,
      0.09791430085897446,
      -0.0035238510463386774,
      0.10337982326745987,
      -0.026565976440906525,
      -0.05140426754951477,
      -0.05489988997578621,
      -0.03219142183661461,
      0.013222146779298782,
      -0.017897747457027435,
      -2.7759187055363007e-33,
      0.08363942056894302,
      0.0004530579608399421,
      -0.010571888647973537,
      0.007592444773763418,
      -0.00802952703088522,
      -0.03212977945804596,
      -0.06826993823051453,
      0.0029306223150342703,
      -0.0519619956612587,
      0.021848686039447784,
      0.06883052736520767,
      0.008317353203892708,
      -0.020196640864014626,
      0.04251865670084953,
      -0.028417039662599564,
      0.04154959321022034,
      0.1433609575033188,
      -0.005833745002746582,
      -0.03642640635371208,
      -0.010898532345890999,
      -0.049207042902708054,
      -0.002359491540119052,
      -0.018484441563487053,
      0.011265454813838005,
      0.035616278648376465,
      0.06477557122707367,
      -0.04320744797587395,
      -0.05055101215839386,
      0.11825664341449738,
      0.025895824655890465,
      -0.010615136474370956,
      0.08857395499944687,
      0.014514525420963764,
      0.02620493248105049,
      0.020362408831715584,
      0.11115533858537674,
      -0.042293645441532135,
      -0.026362039148807526,
      -0.12678730487823486,
      -0.08607230335474014,
      -0.036651670932769775,
      0.00035264412872493267,
      -0.030328968539834023,
      -0.06754410266876221,
      0.01966775767505169,
      -0.028657758608460426,
      0.01669386215507984,
      -0.014222681522369385,
      0.05659263953566551,
      0.027716616168618202,
      -0.0406050868332386,
      -0.03318245708942413,
      0.03093671426177025,
      -0.020911680534482002,
      -0.06591013818979263,
      -0.04090388864278793,
      -0.08010610193014145,
      0.09899470955133438,
      -0.01458589918911457,
      0.041416194289922714,
      -0.0989721491932869,
      -0.012626172043383121,
      -0.04405582696199417,
      -0.04610738530755043,
      0.014919987879693508,
      -0.03001704253256321,
      -0.0041804746724665165,
      0.04519987851381302,
      0.023141834884881973,
      0.028728444129228592,
      -0.008238246664404869,
      0.0020111806225031614,
      -0.1257849782705307,
      0.016559479758143425,
      -0.02775706723332405,
      -0.03787313774228096,
      -0.03324912115931511,
      -0.014556112699210644,
      -0.011032185517251492,
      0.05883998051285744,
      -0.06443759053945541,
      -0.008214888162910938,
      -0.10176379233598709,
      -0.030622823163866997,
      -0.022071633487939835,
      0.003305711317807436,
      0.02176763489842415,
      -0.018242167308926582,
      0.002480998868122697,
      -0.03951322287321091,
      -0.03196653351187706,
      0.09341172128915787,
      -0.026263320818543434,
      -0.04522436112165451,
      -0.04705255106091499,
      -2.7733983721797408e-33,
      0.08901489526033401,
      -0.039590779691934586,
      -0.09925694763660431,
      0.009167955256998539,
      -0.08556044101715088,
      -0.11698320508003235,
      0.13795214891433716,
      0.056665267795324326,
      -0.07318902015686035,
      -0.06392399966716766,
      -0.027614163234829903,
      -0.006983770988881588,
      -0.07694403827190399,
      -0.006509015802294016,
      0.12174927443265915,
      0.027218272909522057,
      0.0012207637773826718,
      -0.08464512228965759,
      0.02920798771083355,
      0.017260601744055748,
      -0.011636349372565746,
      0.00844654068350792,
      -0.024722911417484283,
      0.039816346019506454,
      0.0020390173885971308,
      -0.043680835515260696,
      0.04906756058335304,
      -0.006551407277584076,
      -0.018488137051463127,
      -0.048002343624830246,
      0.06570949405431747,
      0.00628670072183013,
      -0.07410701364278793,
      -0.0697438195347786,
      -0.01289460901170969,
      -0.027040835469961166,
      -0.08894522488117218,
      0.030475638806819916,
      0.0907239317893982,
      -0.0476793497800827,
      -0.011128425598144531,
      0.04538588598370552,
      0.09388835728168488,
      0.0834876298904419,
      0.006321566645056009,
      -0.044924378395080566,
      0.037818774580955505,
      0.051349811255931854,
      -0.007078590802848339,
      -0.012934917584061623,
      0.057728901505470276,
      -0.030240783467888832,
      0.005477343685925007,
      -0.08568573743104935,
      0.025523316115140915,
      -0.0706440880894661,
      0.0668875128030777,
      0.024112768471240997,
      0.012798400595784187,
      0.0077960304915905,
      0.04982392489910126,
      -0.016583943739533424,
      -0.028613513335585594,
      0.01638846844434738,
      -0.04387565329670906,
      -0.06472489982843399,
      -0.10215216130018234,
      -0.03916073217988014,
      -0.022649332880973816,
      -0.04206153005361557,
      0.05912882089614868,
      -0.03080795332789421,
      -0.10189797729253769,
      -0.0015972702531144023,
      -0.005725425202399492,
      -0.11116088926792145,
      0.028595715761184692,
      0.05723258852958679,
      0.03536410257220268,
      0.04399993643164635,
      0.026798171922564507,
      0.007617490831762552,
      0.008751352317631245,
      0.037488728761672974,
      -0.061622634530067444,
      -0.0370691753923893,
      0.023517431691288948,
      0.1285230964422226,
      -0.079402856528759,
      0.017587199807167053,
      0.015594291500747204,
      -0.014769165776669979,
      0.019958101212978363,
      0.006839482579380274,
      -0.04314190894365311,
      -2.4970717049654922e-08,
      -0.09305635839700699,
      -0.03035437874495983,
      -0.03328876942396164,
      -0.02209804393351078,
      -0.02661268785595894,
      -0.08343175798654556,
      -0.02271451987326145,
      0.0001513309107394889,
      -0.02401973493397236,
      -0.03623324632644653,
      0.0514720194041729,
      0.051435865461826324,
      -0.03414211422204971,
      -0.009012304246425629,
      0.03719189018011093,
      -0.07593481987714767,
      0.007976650260388851,
      0.08677372336387634,
      0.0015144477365538478,
      0.02638721652328968,
      -0.10824847221374512,
      -0.0213740523904562,
      -0.07654491066932678,
      -0.06164560467004776,
      0.08194204419851303,
      -0.020186647772789,
      0.009777646511793137,
      -0.07336360961198807,
      -0.023431595414876938,
      0.05794503912329674,
      0.04037776589393616,
      0.033101413398981094,
      0.024029668420553207,
      -0.018544722348451614,
      0.06755264103412628,
      -0.040078941732645035,
      -0.04210034757852554,
      -0.04201376438140869,
      0.03360928222537041,
      -0.027109669521450996,
      0.01228392869234085,
      0.0016738836420699954,
      0.0002995384857058525,
      -0.045407965779304504,
      -0.062183231115341187,
      -0.06826953589916229,
      0.07877093553543091,
      0.004200850147753954,
      0.015715207904577255,
      -0.0320122092962265,
      0.006687630899250507,
      -0.02100485749542713,
      0.03456926718354225,
      -0.036748845130205154,
      -0.03299834206700325,
      0.012177125550806522,
      0.04757295176386833,
      -0.0037091593258082867,
      0.026159750297665596,
      -0.02854190580546856,
      0.14176642894744873,
      0.020052505657076836,
      -0.000281528482446447,
      0.06766238063573837
    ],
    "embedding_provider": "SentenceTransformer",
    "embedding_model": "sentence-transformers/all-MiniLM-L6-v2",
    "created_at": "2026-08-05 18:47:59.481257+00:00",
    "embedding_dimension": 384
  },
  {
    "chunk_id": "abc660f1-95cc-481d-b249-812e56df4f7b",
    "embeddings": [
      -0.08605076372623444,
      -0.06318707764148712,
      -0.030717909336090088,
      -0.0045121037401258945,
      0.056275270879268646,
      0.016847927123308182,
      0.1212393194437027,
      -0.007499372586607933,
      0.038494404405355453,
      -0.02060500904917717,
      -0.06711515039205551,
      -0.03400609269738197,
      -0.09156250208616257,
      -0.037953417748212814,
      -0.021481934934854507,
      -0.03982759267091751,
      0.006463306490331888,
      -0.018880734220147133,
      0.0020652918610721827,
      -0.024785038083791733,
      -0.07327710837125778,
      -0.02479076199233532,
      0.040211811661720276,
      0.06434210389852524,
      0.010601742193102837,
      -0.010682549327611923,
      -0.04657544195652008,
      -0.031042518094182014,
      -0.017399311065673828,
      -0.03923201933503151,
      0.018801728263497353,
      0.1305483877658844,
      -0.014559854753315449,
      0.098800428211689,
      -0.024789245799183846,
      0.04762788489460945,
      -0.03158087283372879,
      -0.017837923020124435,
      -0.005509653594344854,
      -0.04452543705701828,
      0.0022926097735762596,
      -0.012022621929645538,
      -0.01421093288809061,
      0.07876652479171753,
      0.025418831035494804,
      0.009208002127707005,
      -0.06620462238788605,
      -0.03940233215689659,
      0.0035464928951114416,
      0.06715027987957001,
      -0.05015263333916664,
      -0.02616121619939804,
      -0.07243042439222336,
      0.03271520882844925,
      0.054282233119010925,
      0.10043146461248398,
      -0.046010565012693405,
      -0.02647750824689865,
      0.10572204738855362,
      -0.016590718179941177,
      -0.0050355507992208,
      -0.018944978713989258,
      -0.039385195821523666,
      0.013630636036396027,
      -0.007168957032263279,
      -0.045450132340192795,
      -0.04070501774549484,
      0.03931838646531105,
      0.053249794989824295,
      0.04386883229017258,
      -0.01731918379664421,
      0.01853504776954651,
      -0.058245863765478134,
      0.0019356099655851722,
      0.021634550765156746,
      0.03933211416006088,
      0.026902252808213234,
      -0.0486273393034935,
      0.0023248265497386456,
      -0.09463972598314285,
      0.021911773830652237,
      -0.004763738717883825,
      -0.034112364053726196,
      0.004774441942572594,
      0.05996191129088402,
      -0.028205765411257744,
      -0.05012039095163345,
      -0.023903192952275276,
      -0.012623408809304237,
      -0.015341503545641899,
      -0.10041235387325287,
      -0.069585420191288,
      0.05456964671611786,
      0.04676997661590576,
      -0.09754642844200134,
      -0.0030040605925023556,
      0.03734489157795906,
      -0.09009984880685806,
      -0.06174358353018761,
      0.10278552025556564,
      -0.007651417516171932,
      0.022335117682814598,
      -0.019293323159217834,
      -0.005094509106129408,
      -0.10782992839813232,
      0.010642826557159424,
      0.08233858644962311,
      -0.0037297348026186228,
      0.06300028413534164,
      -0.011777112260460854,
      -0.07383982092142105,
      0.0070501831360161304,
      0.05876637622714043,
      -0.05237222835421562,
      0.02215014584362507,
      0.00470854714512825,
      -0.0318232960999012,
      0.017867425456643105,
      0.06232611462473869,
      0.07012830674648285,
      -0.026622170582413673,
      -0.020171595737338066,
      -0.07009247690439224,
      0.011522593908011913,
      -0.09487470239400864,
      0.011776590719819069,
      0.024323800578713417,
      -1.4760010327443588e-33,
      0.080359548330307,
      0.031830765306949615,
      -7.669097976759076e-05,
      0.121866375207901,
      -0.010389239527285099,
      0.07292471826076508,
      -0.005960606504231691,
      0.00422345707193017,
      -0.08057989180088043,
      0.03804200142621994,
      -0.059852272272109985,
      -0.011255454272031784,
      -0.05082292482256889,
      0.06440439075231552,
      -0.08936227858066559,
      0.004956759512424469,
      -0.019345808774232864,
      0.025926532223820686,
      -0.07465279847383499,
      -0.02715669944882393,
      -0.06600527465343475,
      0.09810122102499008,
      -0.0764390379190445,
      -0.02781071700155735,
      0.07652487605810165,
      0.025778619572520256,
      -0.03670705109834671,
      -0.05541447922587395,
      0.08412715047597885,
      0.062308285385370255,
      -0.05766305699944496,
      0.021478893235325813,
      0.01914258860051632,
      0.0824332982301712,
      0.02625797688961029,
      0.0345059297978878,
      -9.965296339942142e-05,
      -0.030243076384067535,
      0.006317045073956251,
      0.01573237031698227,
      -0.042045868933200836,
      -0.07371155917644501,
      -0.06268514692783356,
      -0.06841783225536346,
      -0.047401804476976395,
      -0.026561111211776733,
      0.02750992402434349,
      0.06486506015062332,
      -0.010293656960129738,
      0.01622043177485466,
      -0.06072790548205376,
      0.01000047754496336,
      -0.09439366310834885,
      0.00607188930734992,
      -0.004576622974127531,
      -0.006487591657787561,
      -0.011688494123518467,
      0.04944847524166107,
      0.02902592346072197,
      0.04231582209467888,
      0.053431831300258636,
      0.06834506243467331,
      0.025114785879850388,
      -0.03841583430767059,
      0.04430481418967247,
      0.010701709426939487,
      -0.05328032001852989,
      -0.001976089086383581,
      0.02472437545657158,
      -0.016393650323152542,
      -0.0845559760928154,
      0.024580389261245728,
      0.0728476420044899,
      -0.042559973895549774,
      -0.014790520071983337,
      0.045812033116817474,
      -0.020770559087395668,
      -0.03781886398792267,
      -0.012668932788074017,
      0.025597812607884407,
      -0.08219925314188004,
      0.0039022292476147413,
      -0.03193170949816704,
      -0.03053649142384529,
      0.03383076563477516,
      -0.06265276670455933,
      0.024215614423155785,
      -0.14460784196853638,
      -0.023874854668974876,
      0.038479696959257126,
      -0.05543429031968117,
      0.010276513174176216,
      0.02109024114906788,
      -0.04721132293343544,
      -0.07810600847005844,
      1.6146184490001923e-33,
      0.043683022260665894,
      0.05111093074083328,
      -0.0726192370057106,
      -0.013125305064022541,
      0.04080067574977875,
      -0.07735831290483475,
      0.06907196342945099,
      -0.09875600785017014,
      -0.009808183647692204,
      0.03855406120419502,
      0.024737359955906868,
      -0.06847041845321655,
      -0.01733884960412979,
      -0.12013813853263855,
      0.06866632401943207,
      -0.006810719612985849,
      0.03640267252922058,
      0.027326392009854317,
      0.01417637336999178,
      0.0423085056245327,
      0.019996855407953262,
      -0.05120741203427315,
      -0.14085477590560913,
      0.06415228545665741,
      -0.00895380787551403,
      -0.0015091230161488056,
      0.11497315019369125,
      0.11182773858308792,
      0.047524187713861465,
      0.007337702438235283,
      -0.011598721146583557,
      -0.0067156217992305756,
      -0.06611784547567368,
      0.05139761045575142,
      0.02205466851592064,
      0.08819091320037842,
      0.08405649662017822,
      0.021290522068738937,
      -0.10252270102500916,
      -0.03441646322607994,
      0.05619495362043381,
      -0.012963768094778061,
      -0.035496581345796585,
      0.02518220618367195,
      0.023771198466420174,
      0.013687188737094402,
      -0.02539644204080105,
      0.09313986450433731,
      -0.036471180617809296,
      0.08325736224651337,
      0.07279109954833984,
      -0.13848263025283813,
      -0.02810872346162796,
      0.0029783204663544893,
      -0.01656259037554264,
      0.015605526976287365,
      0.09399573504924774,
      0.0006061017629690468,
      0.07361672073602676,
      0.023136785253882408,
      0.01617041788995266,
      -0.036029353737831116,
      0.027421796694397926,
      0.0032894050236791372,
      0.06329108029603958,
      -0.10284817963838577,
      -0.007742345333099365,
      0.12159963697195053,
      -0.058487385511398315,
      0.01829877868294716,
      0.05946415290236473,
      -0.04835791513323784,
      -0.03304501622915268,
      0.015896182507276535,
      0.016936706379055977,
      -0.005135842598974705,
      -0.008530747145414352,
      -0.009049494750797749,
      0.03206481412053108,
      -0.05195213481783867,
      -0.05062608793377876,
      0.010633599013090134,
      0.06383829563856125,
      0.12956427037715912,
      0.08365761488676071,
      0.1400895118713379,
      -0.03624645993113518,
      0.09885353595018387,
      -0.0002550779900047928,
      -0.03551017493009567,
      -0.03261134400963783,
      -0.00715605216100812,
      0.09771791845560074,
      0.003365144832059741,
      0.000486842734972015,
      -3.892939304250831e-08,
      -0.08052675426006317,
      -0.061388738453388214,
      -0.034247562289237976,
      -0.0037157447077333927,
      0.0024156952276825905,
      -0.015793606638908386,
      -0.022944724187254906,
      0.017498154193162918,
      -0.039598915725946426,
      0.010290414094924927,
      0.008599814027547836,
      -0.047461383044719696,
      0.012221081182360649,
      -0.03519025072455406,
      0.1013278067111969,
      0.003786797169595957,
      -0.03141973540186882,
      0.056520555168390274,
      -0.0174897238612175,
      -0.012430738657712936,
      0.03384777903556824,
      0.06341885775327682,
      0.017062613740563393,
      -0.03076094202697277,
      -0.006092171184718609,
      0.02238135039806366,
      0.0055581023916602135,
      0.07940252870321274,
      0.013663507997989655,
      0.012394998222589493,
      0.00914359837770462,
      0.022139988839626312,
      -0.022905336692929268,
      -0.05381069704890251,
      0.030502991750836372,
      0.045561809092760086,
      0.0011040077079087496,
      0.03429492563009262,
      0.0030787508003413677,
      0.04189655929803848,
      0.022594574838876724,
      0.096034474670887,
      -0.016236552968621254,
      0.021261224523186684,
      -0.020693231374025345,
      -0.016304293647408485,
      0.043574389070272446,
      -0.07872510701417923,
      0.025938237085938454,
      -0.074951171875,
      -0.009369651786983013,
      0.0008737473981454968,
      0.01876063272356987,
      0.016009215265512466,
      -0.0003352415224071592,
      0.01725875958800316,
      -0.019569166004657745,
      0.03952355682849884,
      0.041001226752996445,
      0.017136765643954277,
      -0.0034119565971195698,
      0.10860396921634674,
      -0.09306323528289795,
      0.0006490550586022437
    ],
    "embedding_provider": "SentenceTransformer",
    "embedding_model": "sentence-transformers/all-MiniLM-L6-v2",
    "created_at": "2026-08-05 18:47:59.481289+00:00",
    "embedding_dimension": 384
  },
  {
    "chunk_id": "2e5b4b99-95a3-452b-abf1-1787bb422b81",
    "embeddings": [
      -0.024198386818170547,
      0.043457601219415665,
      0.0315847210586071,
      0.019416533410549164,
      -0.03274424746632576,
      -0.07144363969564438,
      0.03504905477166176,
      0.0595877580344677,
      -0.04243290796875954,
      0.009613326750695705,
      -0.07740870863199234,
      -0.013277510181069374,
      0.11384596675634384,
      0.017357192933559418,
      0.015506178140640259,
      0.09993655979633331,
      -0.010298850014805794,
      -0.11496622115373611,
      0.030407710000872612,
      -0.06689254939556122,
      -0.03972113877534866,
      -0.025966348126530647,
      0.00826099794358015,
      -0.09143909811973572,
      0.0665493905544281,
      0.05269106477499008,
      0.05067702755331993,
      0.017244579270482063,
      -0.040569934993982315,
      -0.04176532104611397,
      -0.08603386580944061,
      -0.011291738599538803,
      0.05688336491584778,
      0.040094900876283646,
      0.016981439664959908,
      0.03716003894805908,
      0.06536801159381866,
      0.035261400043964386,
      0.026363421231508255,
      -0.001312749576754868,
      -0.02358110435307026,
      -0.12095773220062256,
      0.008673246949911118,
      -0.03004802018404007,
      -0.005810229107737541,
      -0.078667052090168,
      0.0697934553027153,
      -0.07969506084918976,
      0.06541366130113602,
      0.05140395835042,
      -0.10592833906412125,
      -0.0775989443063736,
      0.01741289719939232,
      -0.03512445464730263,
      -0.02002931945025921,
      0.04381471127271652,
      0.11666767299175262,
      0.053814053535461426,
      -0.009926080703735352,
      -0.03668833523988724,
      0.020234454423189163,
      -0.05824492499232292,
      -0.06882481276988983,
      0.005329323001205921,
      -0.0023071449249982834,
      0.050939105451107025,
      -0.034099288284778595,
      0.03948364779353142,
      0.00837673805654049,
      -0.09220031648874283,
      -0.02457689307630062,
      -0.03087991289794445,
      -0.03314319998025894,
      0.02826029621064663,
      0.08459434658288956,
      0.03293998911976814,
      0.05286683142185211,
      -0.039233725517988205,
      0.07907210290431976,
      -0.053272031247615814,
      0.051660120487213135,
      -0.02737279050052166,
      -0.1082688421010971,
      0.11537952721118927,
      -0.03722052276134491,
      -0.007132114376872778,
      -0.029097020626068115,
      0.04323671758174896,
      -0.029139596968889236,
      -0.005370709113776684,
      0.05478458106517792,
      -0.02226695790886879,
      0.006494991946965456,
      0.016050247475504875,
      0.030781328678131104,
      -0.0196540430188179,
      -0.06258593499660492,
      -0.0820508599281311,
      0.03168944641947746,
      0.004978736862540245,
      -0.03522705286741257,
      0.004151652101427317,
      -0.038650140166282654,
      -0.009051372297108173,
      -0.10491421818733215,
      -0.018825246021151543,
      -0.02793271280825138,
      0.0006992247072048485,
      0.04240097850561142,
      -0.01247026864439249,
      0.0019722655415534973,
      0.017256857827305794,
      -0.024481702595949173,
      -0.008154829032719135,
      0.00807358231395483,
      0.009039764292538166,
      -0.16057267785072327,
      0.08028419315814972,
      0.061135031282901764,
      0.03729582950472832,
      -0.04314795881509781,
      0.07677368074655533,
      -0.06869055330753326,
      0.010002066381275654,
      0.021984627470374107,
      -0.0554986447095871,
      0.008761000819504261,
      1.0851476917280096e-33,
      -0.058376673609018326,
      0.04931016266345978,
      0.03965185582637787,
      0.12415942549705505,
      0.02894427627325058,
      -0.04634106904268265,
      -0.011335269547998905,
      0.03919452056288719,
      -0.0823790431022644,
      -0.013042500242590904,
      0.008678547106683254,
      0.15633058547973633,
      0.03109014965593815,
      -0.021233681589365005,
      0.01296244002878666,
      -0.005572900176048279,
      -0.05765768140554428,
      0.012030987069010735,
      -0.029526717960834503,
      0.005190579686313868,
      0.03151243180036545,
      -0.05451134219765663,
      0.030408808961510658,
      0.05992458760738373,
      0.033672232180833817,
      -0.02546398527920246,
      -0.04627637565135956,
      0.011145109310746193,
      0.08258553594350815,
      0.01458228100091219,
      -0.013345116749405861,
      -0.005349652376025915,
      -0.043881937861442566,
      -0.0256365817040205,
      0.017971627414226532,
      0.035101067274808884,
      0.03567614406347275,
      -0.07889437675476074,
      0.03212751820683479,
      0.07207496464252472,
      -0.0840945839881897,
      0.03743188455700874,
      0.019863218069076538,
      -0.031986914575099945,
      -0.025298381224274635,
      -0.008395404554903507,
      0.0587400421500206,
      -0.05048496276140213,
      0.002220775932073593,
      0.04131530597805977,
      -0.0841486006975174,
      -0.04934549331665039,
      0.052128564566373825,
      0.027117298915982246,
      0.012355625629425049,
      0.009549605660140514,
      0.020840341225266457,
      -0.0629892498254776,
      0.05550619587302208,
      0.026777688413858414,
      -0.04200238361954689,
      0.07349668443202972,
      0.025017723441123962,
      -0.01391811016947031,
      -0.025733761489391327,
      0.06827078014612198,
      0.035014811903238297,
      -0.06270032376050949,
      0.09306186437606812,
      0.021779747679829597,
      -0.014303655363619328,
      -0.025164324790239334,
      -0.021272465586662292,
      -0.06361982971429825,
      0.01706450805068016,
      0.002943699946627021,
      -0.0708882063627243,
      -0.02657184563577175,
      -0.06674525886774063,
      -0.003866072976961732,
      -0.012871259823441505,
      0.003331295447424054,
      0.002583877183496952,
      0.009934255853295326,
      0.09792274981737137,
      0.059257932007312775,
      -0.02350289560854435,
      -0.08818070590496063,
      -0.04067148268222809,
      0.03978074714541435,
      -0.03477134928107262,
      -0.016579901799559593,
      -0.029512537643313408,
      0.03835953399538994,
      -0.04846324771642685,
      -2.5656971529260814e-33,
      -0.022825228050351143,
      -0.016332535073161125,
      0.036057885736227036,
      0.10761570185422897,
      0.1382545679807663,
      -0.05392322689294815,
      0.013773552142083645,
      -0.06166212260723114,
      0.021793201565742493,
      0.07946483790874481,
      0.024959614500403404,
      0.012407975271344185,
      0.058384861797094345,
      -0.04338071122765541,
      0.025318214669823647,
      0.00021574689890258014,
      -0.04181570187211037,
      -0.06769675761461258,
      -0.04766109585762024,
      -0.018895462155342102,
      0.008190769702196121,
      0.0686165913939476,
      -0.08300334960222244,
      0.004343762062489986,
      -0.011845988221466541,
      0.009185037575662136,
      -0.07563871145248413,
      -0.07306162267923355,
      0.04468201845884323,
      0.04947523772716522,
      -0.015854088589549065,
      0.05429188534617424,
      -0.002417133189737797,
      -0.003998963162302971,
      -0.04520070552825928,
      0.051207106560468674,
      0.05031365156173706,
      -0.014847928658127785,
      0.021682418882846832,
      -0.027268769219517708,
      0.010985993780195713,
      -0.017148332670331,
      -0.06493835151195526,
      -0.030104437842965126,
      -0.024959087371826172,
      -0.05719710886478424,
      0.031411077827215195,
      0.024923061951994896,
      -0.02789927087724209,
      -0.03521326556801796,
      0.050245292484760284,
      0.07570263743400574,
      0.04565642774105072,
      -0.07696980983018875,
      0.004248890560120344,
      0.012528227642178535,
      0.1373513638973236,
      0.003525067586451769,
      -0.07569733262062073,
      0.019027559086680412,
      -0.01383274421095848,
      0.006378954742103815,
      0.1005045548081398,
      0.01067272387444973,
      -0.025165444239974022,
      0.032817136496305466,
      0.07388690114021301,
      0.062417928129434586,
      -0.12003044039011002,
      -0.08002939820289612,
      0.006925792898982763,
      0.021763522177934647,
      -0.0370895080268383,
      0.013219554908573627,
      -0.09620461612939835,
      -0.03347964584827423,
      -0.03208593651652336,
      -0.02519603632390499,
      -0.05344656854867935,
      0.08283078670501709,
      -0.044901520013809204,
      -0.004404171369969845,
      0.018624620512127876,
      -0.009951840154826641,
      0.003438181709498167,
      0.10848242789506912,
      -0.03933418169617653,
      -0.09096578508615494,
      -0.041290391236543655,
      -0.06984561681747437,
      -0.13262486457824707,
      -0.04251956194639206,
      -0.0589248389005661,
      -0.006223743781447411,
      -0.020572436973452568,
      -4.659937502538014e-08,
      0.0014319076435640454,
      0.04567662626504898,
      0.037329792976379395,
      0.00683723296970129,
      0.009793872013688087,
      -0.037226613610982895,
      -0.030675062909722328,
      0.11110120266675949,
      0.015513499267399311,
      0.0020321819465607405,
      -0.002205843571573496,
      -0.05123308300971985,
      0.021266328170895576,
      0.07170582562685013,
      0.10969945043325424,
      0.022243481129407883,
      0.12901310622692108,
      0.02664511278271675,
      -0.04312950745224953,
      0.022953858599066734,
      0.09755027294158936,
      0.0011005178093910217,
      -0.054334718734025955,
      -0.030716558918356895,
      0.024003254249691963,
      0.006908741779625416,
      -0.026389313861727715,
      0.0034979789052158594,
      -0.020990630611777306,
      -0.016037601977586746,
      -0.02717258594930172,
      -0.028212714940309525,
      -0.02650216780602932,
      -0.04759284108877182,
      0.032111506909132004,
      -0.07737117260694504,
      0.06405255198478699,
      -0.0119469678029418,
      0.0014511467888951302,
      0.015495155937969685,
      -0.013500646688044071,
      0.04815033823251724,
      -0.006509234197437763,
      0.03363008052110672,
      -0.11097964644432068,
      0.047629255801439285,
      -0.0250043123960495,
      -0.024653777480125427,
      0.01872560754418373,
      0.08851292729377747,
      0.015990084037184715,
      0.016941163688898087,
      -0.00955648347735405,
      0.0026933797635138035,
      0.050806522369384766,
      0.07987283170223236,
      -0.0056694610975682735,
      -0.037452563643455505,
      -0.07608870416879654,
      0.08295866847038269,
      0.03176090121269226,
      -0.007948224432766438,
      -0.051583416759967804,
      -0.05454585328698158
    ],
    "embedding_provider": "SentenceTransformer",
    "embedding_model": "sentence-transformers/all-MiniLM-L6-v2",
    "created_at": "2026-08-05 18:47:59.481301+00:00",
    "embedding_dimension": 384
  },
  {
    "chunk_id": "25d05318-c45b-46bf-9af9-fe224ce57892",
    "embeddings": [
      0.006652922835201025,
      -0.016290046274662018,
      0.03251666575670242,
      0.0638110563158989,
      0.04265422374010086,
      -0.13837231695652008,
      -0.016767671331763268,
      0.03669154271483421,
      -0.10854421555995941,
      0.007665899116545916,
      -0.06411182135343552,
      -0.008781349286437035,
      0.0529160238802433,
      0.04516012221574783,
      -0.021314937621355057,
      0.04145524278283119,
      -0.06761594861745834,
      -0.03749293088912964,
      0.056605905294418335,
      -0.096964031457901,
      -0.11646594852209091,
      0.03913995251059532,
      -0.014555116184055805,
      -0.045259591192007065,
      0.07298940420150757,
      0.09237696975469589,
      0.02031891420483589,
      0.03880205377936363,
      -0.0401708148419857,
      -0.04060197249054909,
      -0.06566216051578522,
      -0.02785683050751686,
      -0.00752735510468483,
      0.024766910821199417,
      -0.054842084646224976,
      -0.029325008392333984,
      0.09855569899082184,
      0.007997204549610615,
      0.03902759775519371,
      -0.02489864081144333,
      -0.0491003654897213,
      -0.05802007019519806,
      -0.007891608402132988,
      0.013500447385013103,
      0.004560146015137434,
      -0.034010451287031174,
      0.026793040335178375,
      -0.10950243473052979,
      0.012345792725682259,
      0.046025365591049194,
      -0.049567367881536484,
      -0.046931441873311996,
      -0.009026452898979187,
      -0.02468010038137436,
      -0.06230224668979645,
      0.0204740222543478,
      0.009988921694457531,
      0.07714527100324631,
      -0.007637690287083387,
      -0.05300642549991608,
      -0.020417798310518265,
      0.007390930783003569,
      -0.00194197753444314,
      0.03296680748462677,
      0.018187129870057106,
      0.02341924048960209,
      -0.06709995120763779,
      0.07161012291908264,
      0.048813894391059875,
      -0.022616099566221237,
      -0.011702044866979122,
      0.009875557385385036,
      -0.044471655040979385,
      0.05332105979323387,
      0.06059841439127922,
      -0.0779123529791832,
      0.038314297795295715,
      -0.008754081092774868,
      0.11789273470640182,
      -0.026249457150697708,
      0.04195326939225197,
      0.020603997632861137,
      -0.09493310004472733,
      0.11712244898080826,
      -0.027772724628448486,
      -0.06047556549310684,
      -0.01848902553319931,
      0.05421812832355499,
      -0.02611830085515976,
      -0.0821390450000763,
      0.083340585231781,
      -0.07707307487726212,
      0.03637266531586647,
      0.04041190445423126,
      -0.06284555047750473,
      0.007238984573632479,
      -0.05592728778719902,
      -0.057035092264413834,
      0.056771814823150635,
      0.043525438755750656,
      -0.05051867291331291,
      -0.010770299471914768,
      -0.03750794008374214,
      0.04494413360953331,
      -0.005154937505722046,
      0.021532244980335236,
      0.024071084335446358,
      -0.03990310803055763,
      0.04439586400985718,
      -0.004003872163593769,
      -0.023137731477618217,
      0.06596152484416962,
      -0.0689317062497139,
      -0.03294353932142258,
      0.025958599522709846,
      -0.003846801118925214,
      -0.11148705333471298,
      0.032204195857048035,
      0.01174326241016388,
      0.09508588165044785,
      -0.06645523011684418,
      0.08853878825902939,
      -0.05295667424798012,
      -0.032196398824453354,
      -0.0019090784480795264,
      0.0005770267453044653,
      -0.08258519321680069,
      -9.30439502683846e-34,
      -0.007290028501302004,
      -0.00479194475337863,
      0.01968245953321457,
      0.06540659815073013,
      0.05336739122867584,
      -0.041468944400548935,
      0.01787586323916912,
      0.07493406534194946,
      -0.008600865490734577,
      0.009609938599169254,
      0.05646667256951332,
      0.15047326683998108,
      -0.054439742118120193,
      0.018276236951351166,
      0.09437306225299835,
      -0.0036397872027009726,
      0.0011117476969957352,
      0.017466438934206963,
      -0.021837648004293442,
      -0.011916476301848888,
      0.00921595934778452,
      -0.05764066427946091,
      0.022479241713881493,
      0.1013544574379921,
      0.0776766836643219,
      0.002683434635400772,
      -0.019499409943819046,
      0.021361971274018288,
      0.05719125270843506,
      0.02247030846774578,
      0.047698426991701126,
      -0.03373871371150017,
      -0.014108926057815552,
      0.006780899595469236,
      0.016121288761496544,
      -0.0034250516910105944,
      0.000912776100449264,
      -0.09224819391965866,
      0.07441256195306778,
      0.06856907159090042,
      -0.09974198043346405,
      0.019877053797245026,
      0.04931316524744034,
      -0.019431164488196373,
      -0.05899034067988396,
      0.03204789757728577,
      0.09913137555122375,
      0.013002024032175541,
      0.03430243954062462,
      -0.01338267233222723,
      -0.030694475397467613,
      -0.05467749759554863,
      0.04229651391506195,
      0.033947382122278214,
      0.006410563830286264,
      0.02203155867755413,
      0.0171598382294178,
      -0.11231571435928345,
      -0.05028380826115608,
      0.0008213877445086837,
      -0.041479576379060745,
      0.0008249545353464782,
      -0.00894031673669815,
      -0.031131833791732788,
      -0.060856569558382034,
      0.10323383659124374,
      0.057029400020837784,
      0.027639752253890038,
      0.058086540549993515,
      0.014904801733791828,
      -0.08192973583936691,
      -0.027497822418808937,
      0.004796920344233513,
      -0.05237291380763054,
      0.06000563129782677,
      0.029727671295404434,
      -0.04904644191265106,
      -0.05789174139499664,
      -0.04091301187872887,
      0.03202071785926819,
      0.041654523462057114,
      0.020196247845888138,
      0.012661497108638287,
      -0.024681996554136276,
      0.08247008174657822,
      0.042426902800798416,
      0.007753333076834679,
      -0.02643638476729393,
      -0.005779133178293705,
      0.04234059527516365,
      -0.07589653879404068,
      0.012723300606012344,
      -0.012540369294583797,
      0.04933607578277588,
      -0.036848388612270355,
      6.857192342167821e-35,
      -0.05950102210044861,
      0.03189399465918541,
      -0.016323192045092583,
      0.07320039719343185,
      0.05886053666472435,
      -0.014519674703478813,
      0.02385319396853447,
      -0.04826732352375984,
      0.010266503319144249,
      0.011245816014707088,
      0.021284842863678932,
      -0.014529763720929623,
      0.04943307116627693,
      0.029956549406051636,
      -0.053433723747730255,
      0.03201635181903839,
      -0.10937654227018356,
      -0.008662882260978222,
      -0.09507595002651215,
      0.006882104557007551,
      -0.06775669753551483,
      0.07151202112436295,
      -0.05584017187356949,
      -0.017420757561922073,
      0.019282277673482895,
      -0.02261349745094776,
      -0.05063105374574661,
      -0.0228523351252079,
      0.07583846896886826,
      0.004495836328715086,
      -0.0222215186804533,
      0.0464201457798481,
      0.017061037942767143,
      -0.07365075498819351,
      0.023407239466905594,
      3.431737422943115e-05,
      0.04580557718873024,
      -0.12831160426139832,
      0.01810130476951599,
      -0.0228154007345438,
      0.051812004297971725,
      -0.000919611076824367,
      -0.00707906624302268,
      0.0168070700019598,
      0.007061758078634739,
      -0.024070626124739647,
      -0.037844862788915634,
      0.11460689455270767,
      0.0221545472741127,
      -0.09901955723762512,
      0.039098236709833145,
      0.03643304482102394,
      -0.001592652639374137,
      -0.06577084213495255,
      0.041693467646837234,
      0.02581111341714859,
      0.08484359830617905,
      -0.03193700313568115,
      -0.0898158848285675,
      0.06248573586344719,
      -0.07823384553194046,
      0.014226815663278103,
      0.08513571321964264,
      0.01858402229845524,
      -0.03773429989814758,
      -0.006491113919764757,
      0.015020282007753849,
      0.06040869653224945,
      -0.11689388751983643,
      -0.08127585798501968,
      0.05514886975288391,
      0.042179446667432785,
      -0.0064366646111011505,
      0.009259122423827648,
      -0.09621553868055344,
      -0.07267267256975174,
      -0.03004929982125759,
      -0.019879154860973358,
      -0.049910061061382294,
      0.08898425102233887,
      -0.03145704045891762,
      -0.052491139620542526,
      0.026253173127770424,
      -0.032430198043584824,
      -0.0011333916336297989,
      0.07970168441534042,
      -0.029737558215856552,
      -0.09063274413347244,
      -0.019593272358179092,
      -0.07641622424125671,
      -0.11284258216619492,
      -0.03065287135541439,
      -0.06626684963703156,
      0.020603599026799202,
      -0.00616350257769227,
      -3.7471913572062476e-08,
      0.0060504525899887085,
      0.026964455842971802,
      0.042947638779878616,
      0.015785906463861465,
      0.03657117858529091,
      0.07865607738494873,
      -0.06264569610357285,
      0.11068150401115417,
      0.020887205377221107,
      0.009770741686224937,
      0.010699479840695858,
      -0.021191028878092766,
      -0.0027900435961782932,
      0.049327924847602844,
      0.04558102786540985,
      0.04022909700870514,
      0.1098039448261261,
      -0.012591840699315071,
      0.016838103532791138,
      0.04462553933262825,
      0.07426023483276367,
      0.03012440912425518,
      -0.015630831941962242,
      -0.005170002579689026,
      0.019955459982156754,
      -0.07286623865365982,
      0.0014569072518497705,
      0.04383621737360954,
      -0.06023611128330231,
      0.010815066285431385,
      -0.03555480018258095,
      -0.05827755481004715,
      -0.031170636415481567,
      -0.03291425108909607,
      0.07082734256982803,
      -0.04340614750981331,
      0.06122243031859398,
      -0.03173234313726425,
      0.00615810276940465,
      0.05028851702809334,
      -0.026558957993984222,
      0.09507269412279129,
      0.0034873979166150093,
      0.043396856635808945,
      -0.07538445293903351,
      0.020776789635419846,
      -0.02057727240025997,
      0.04143817350268364,
      0.04179733246564865,
      0.04185522720217705,
      0.023562878370285034,
      -0.0033684789668768644,
      -0.002944254782050848,
      -0.018545066937804222,
      0.0831759124994278,
      0.011436974629759789,
      -0.009394380263984203,
      -0.05727402865886688,
      -0.12234921753406525,
      0.07892783731222153,
      0.03438292443752289,
      -0.05371246859431267,
      -0.02842593938112259,
      0.03191851079463959
    ],
    "embedding_provider": "SentenceTransformer",
    "embedding_model": "sentence-transformers/all-MiniLM-L6-v2",
    "created_at": "2026-08-05 18:47:59.481311+00:00",
    "embedding_dimension": 384
  },
  {
    "chunk_id": "fea6f9e3-ce78-46fe-ba09-162aa6bbbd73",
    "embeddings": [
      -0.010398058220744133,
      -0.04526962712407112,
      0.03434247523546219,
      0.07991344481706619,
      -0.031284622848033905,
      -0.06712593883275986,
      0.022540466859936714,
      0.010175604373216629,
      -0.05770125985145569,
      -0.01620645448565483,
      -0.09414727240800858,
      -0.01468367874622345,
      0.021075060591101646,
      0.04253004118800163,
      -0.01626179739832878,
      0.08502503484487534,
      -0.04073494300246239,
      -0.04776972904801369,
      -0.03601735457777977,
      -0.10153516381978989,
      -0.11027779430150986,
      -0.02393627166748047,
      -0.022555477917194366,
      -0.04465194791555405,
      -0.006874453276395798,
      0.041635479778051376,
      0.017306044697761536,
      -0.026102891191840172,
      -0.025840487331151962,
      -0.0554906465113163,
      -0.014236101880669594,
      -0.015187546610832214,
      0.0439436137676239,
      0.09233769029378891,
      0.0012172854039818048,
      0.02204151451587677,
      0.04168592393398285,
      0.051900576800107956,
      0.059210676699876785,
      0.047423671931028366,
      -0.011457149870693684,
      -0.03256693482398987,
      -0.05847231298685074,
      -0.04445493966341019,
      -0.018867118284106255,
      -0.07877223938703537,
      0.054142314940690994,
      -0.08133862912654877,
      0.02814752422273159,
      0.04831618443131447,
      -0.14852292835712433,
      -0.006251428741961718,
      0.012403508648276329,
      0.009090099483728409,
      -0.0005352009902708232,
      0.037325773388147354,
      0.028144538402557373,
      0.038005001842975616,
      -0.010420606471598148,
      0.009018894284963608,
      0.010328230448067188,
      -0.02611778862774372,
      0.01934567280113697,
      -0.04041353985667229,
      -0.03421561047434807,
      0.010911311022937298,
      -0.022218991070985794,
      0.07595155388116837,
      -0.045366015285253525,
      -0.07266432791948318,
      -0.002625922905281186,
      -0.021803896874189377,
      -0.08306651562452316,
      0.012103947810828686,
      0.03751242905855179,
      0.0009607473039068282,
      0.06118857115507126,
      -0.055255234241485596,
      0.10396629571914673,
      -0.020690778270363808,
      0.06686621904373169,
      0.006811419501900673,
      -0.07794497907161713,
      0.1130954772233963,
      -0.07635187357664108,
      -0.06378351897001266,
      -0.04684615135192871,
      0.036421969532966614,
      -0.024017170071601868,
      0.033097486943006516,
      0.07087040692567825,
      -0.044967956840991974,
      0.02691548503935337,
      0.03648354485630989,
      0.016645649448037148,
      -0.0035776502918452024,
      -0.0321832038462162,
      -0.06256230175495148,
      -0.00416434183716774,
      -0.013459418900310993,
      -0.055768415331840515,
      -9.42755286814645e-05,
      0.015665316954255104,
      0.08740856498479843,
      -0.09059081226587296,
      -0.03717963024973869,
      -0.006876388564705849,
      -0.02810421772301197,
      -0.04507402330636978,
      8.62453380250372e-05,
      0.011356363072991371,
      0.005995529238134623,
      -0.015260741114616394,
      7.809800445102155e-05,
      0.004388713277876377,
      -0.05039677023887634,
      -0.16561852395534515,
      0.003590090200304985,
      -0.0035112821497023106,
      0.014126182533800602,
      -0.03353331238031387,
      0.09450570493936539,
      -0.028187936171889305,
      0.045871324837207794,
      0.050456978380680084,
      -0.007073329761624336,
      -0.021478893235325813,
      1.6306237229415993e-33,
      -0.013455444015562534,
      0.044121820479631424,
      0.0753685012459755,
      0.09095706790685654,
      0.0021160065662115812,
      -0.03871080279350281,
      -0.014365561306476593,
      -0.011365754529833794,
      -0.07991557568311691,
      0.04799560829997063,
      0.0024331072345376015,
      0.1567140519618988,
      -0.002798395697027445,
      -0.0024193264544010162,
      -0.02732132375240326,
      0.06622086465358734,
      -0.0291266031563282,
      -0.0030378587543964386,
      -0.07293587923049927,
      0.0015978026203811169,
      0.010214464738965034,
      -0.05252297967672348,
      -0.006098950747400522,
      0.0030999043956398964,
      0.07843396067619324,
      -0.02464529126882553,
      0.04100307449698448,
      -0.0002328753616893664,
      0.07231967896223068,
      0.002667513908818364,
      0.015886683017015457,
      -0.0335262157022953,
      -0.07634975761175156,
      0.0039391894824802876,
      0.06723640859127045,
      -0.0551825687289238,
      -0.008293593302369118,
      -0.055919893085956573,
      0.05623123049736023,
      0.023384682834148407,
      -0.044660333544015884,
      0.046386878937482834,
      0.025693029165267944,
      -0.028339700773358345,
      -0.10412398725748062,
      0.009897231124341488,
      0.03705446794629097,
      0.025816449895501137,
      0.04573259502649307,
      0.005623681005090475,
      -0.03305839002132416,
      -0.05118649825453758,
      0.052788522094488144,
      -0.021426556631922722,
      0.023666244000196457,
      0.044270411133766174,
      0.05028688162565231,
      -0.11206427961587906,
      0.0005090853665024042,
      0.038574256002902985,
      -0.03498285636305809,
      0.04439502954483032,
      -0.02297455631196499,
      0.011486333794891834,
      -0.08447758108377457,
      0.024986566975712776,
      -0.017352014780044556,
      0.03799501061439514,
      0.14337937533855438,
      -0.004716502968221903,
      -0.046327102929353714,
      -0.03620684891939163,
      0.05464315041899681,
      -0.019862867891788483,
      0.03178133815526962,
      -0.010261486284434795,
      -0.06213104724884033,
      -0.03692350536584854,
      0.0610133521258831,
      0.03784187510609627,
      0.012635116465389729,
      -0.06139339506626129,
      0.07796356081962585,
      0.05443280562758446,
      0.028451666235923767,
      0.03514053300023079,
      -0.04152679443359375,
      -0.041801586747169495,
      -0.00979218352586031,
      0.030104007571935654,
      -0.07732465118169785,
      -0.02374059148132801,
      0.006312187295407057,
      0.05994146689772606,
      -0.03421148657798767,
      -3.908163129442982e-33,
      0.019664157181978226,
      -0.02990652434527874,
      -0.009938180446624756,
      -0.020773863419890404,
      0.1292441189289093,
      0.017109902575612068,
      0.07332026213407516,
      -0.05920189619064331,
      0.06599847227334976,
      0.03946994990110397,
      -0.004646844230592251,
      0.03569376841187477,
      0.024141507223248482,
      0.023794347420334816,
      0.01901034638285637,
      -0.04038321226835251,
      -0.06759067624807358,
      0.01869116723537445,
      -0.10369696468114853,
      -0.03440473601222038,
      -0.04069776087999344,
      0.018194526433944702,
      -0.05524417385458946,
      -0.0018067723140120506,
      0.04688621312379837,
      -0.016409549862146378,
      0.015592477284371853,
      0.017019763588905334,
      0.061658721417188644,
      0.039511121809482574,
      -0.03179473429918289,
      -0.012234101071953773,
      0.02560201659798622,
      -0.05560971051454544,
      -0.05148506164550781,
      0.0006233393796719611,
      0.04871326684951782,
      -0.09024547040462494,
      -0.006424479186534882,
      -0.016707954928278923,
      0.04315754771232605,
      0.014757704921066761,
      0.015432183630764484,
      -0.020169921219348907,
      0.0018932800740003586,
      0.029517769813537598,
      0.05372987687587738,
      0.06414533406496048,
      -0.04099468141794205,
      -0.02973218448460102,
      0.002452193759381771,
      0.0412508100271225,
      0.0735611766576767,
      0.016096824780106544,
      0.032982565462589264,
      0.0431472510099411,
      0.08289331197738647,
      -0.04907018691301346,
      -0.049809399992227554,
      0.06251486390829086,
      0.03298158943653107,
      0.041104983538389206,
      0.1298336684703827,
      0.036812253296375275,
      -0.03677830100059509,
      0.018495047464966774,
      0.031800247728824615,
      0.006348754279315472,
      -0.09480227530002594,
      -0.10521504282951355,
      0.04567985609173775,
      -0.040690284222364426,
      0.013839592225849628,
      -0.012068137526512146,
      -0.052018750458955765,
      -0.03663979843258858,
      -0.14795921742916107,
      -0.03770223259925842,
      -0.011659345589578152,
      0.05724729225039482,
      -0.03542469069361687,
      -0.07429423928260803,
      -0.03374066203832626,
      0.037680529057979584,
      0.06502113491296768,
      0.0421307235956192,
      -0.03388560935854912,
      -0.052546627819538116,
      0.009042616933584213,
      -0.07908850908279419,
      -0.11352246254682541,
      -0.09205679595470428,
      -0.13748733699321747,
      0.022244462743401527,
      0.014242233708500862,
      -4.043355872340726e-08,
      -0.06511618196964264,
      -0.003768033580854535,
      0.004321820102632046,
      0.0004555900231935084,
      0.05555357784032822,
      -0.040391985327005386,
      -0.10285765677690506,
      0.05665323883295059,
      0.0770752876996994,
      0.06493232399225235,
      0.08270881325006485,
      -0.05706193670630455,
      -0.016651634126901627,
      -0.026304641738533974,
      0.07908807694911957,
      -0.025075111538171768,
      0.05037689581513405,
      -0.029362095519900322,
      0.02719879522919655,
      0.040762677788734436,
      0.08265013247728348,
      -0.0015712479362264276,
      -0.042534999549388885,
      -0.02262960374355316,
      0.04330963268876076,
      -0.06528211385011673,
      -0.09206219017505646,
      0.05565502867102623,
      -0.061681341379880905,
      -0.02927771396934986,
      0.022104362025856972,
      0.00513576390221715,
      0.03639214113354683,
      -0.058171600103378296,
      0.06438161432743073,
      -0.0666913241147995,
      0.08733467757701874,
      0.008760401047766209,
      -0.04231370612978935,
      -0.05721132084727287,
      -0.05211835727095604,
      0.07739817351102829,
      -0.01706697791814804,
      0.045313626527786255,
      -0.022055597975850105,
      0.074248768389225,
      -0.060652878135442734,
      0.0525420680642128,
      0.06507591158151627,
      0.04917648807168007,
      0.008204376325011253,
      0.0030557045247405767,
      -0.015377611853182316,
      0.02370295114815235,
      0.06155727431178093,
      0.08379005640745163,
      0.019288774579763412,
      0.028784574940800667,
      -0.09464921057224274,
      0.07831745594739914,
      0.028625717386603355,
      -0.04805443808436394,
      -0.07066968828439713,
      -0.020886186510324478
    ],
    "embedding_provider": "SentenceTransformer",
    "embedding_model": "sentence-transformers/all-MiniLM-L6-v2",
    "created_at": "2026-08-05 18:47:59.481320+00:00",
    "embedding_dimension": 384
  },
  {
    "chunk_id": "0c1724e4-2ef9-478b-9dad-9c810cb9ba61",
    "embeddings": [
      -0.036336008459329605,
      0.01989632658660412,
      -0.010296900756657124,
      0.016034714877605438,
      -0.004748320206999779,
      -0.09405267983675003,
      0.06377751380205154,
      0.07506556063890457,
      -0.06898579746484756,
      -0.019791845232248306,
      -0.04760206490755081,
      -0.03301449492573738,
      0.027635833248496056,
      0.04617981240153313,
      0.019017737358808517,
      0.06824440509080887,
      -0.062443774193525314,
      -0.021339448168873787,
      0.002215087180957198,
      -0.17061381042003632,
      -0.03795735165476799,
      -0.03516495227813721,
      0.03330237418413162,
      -0.009048675186932087,
      0.02790113538503647,
      0.03586116060614586,
      0.015737995505332947,
      0.01786424033343792,
      -0.03094087541103363,
      -0.004407688044011593,
      -0.024854572489857674,
      0.0694684162735939,
      -0.005683716386556625,
      -0.04029824584722519,
      -0.033405981957912445,
      0.03954945132136345,
      0.07564634829759598,
      0.029452642425894737,
      0.0020365766249597073,
      -0.024132436141371727,
      0.014713332988321781,
      -0.12419936060905457,
      0.05948462709784508,
      -0.02334965392947197,
      0.0064854552038013935,
      -0.0448274239897728,
      0.026315057650208473,
      -0.013851012103259563,
      0.029432101175189018,
      0.022444074973464012,
      -0.07277931272983551,
      -0.07999537140130997,
      -0.06244631111621857,
      -0.060762353241443634,
      -0.01890147477388382,
      0.05452490597963333,
      0.1182699128985405,
      0.05363628640770912,
      -0.04579220712184906,
      -0.1411532461643219,
      0.04849112778902054,
      -0.029673149809241295,
      -0.033121999353170395,
      0.04007571190595627,
      0.02021024376153946,
      -0.014184392057359219,
      -0.020510440692305565,
      0.06740084290504456,
      -0.021327761933207512,
      0.015490281395614147,
      -0.00018651843129191548,
      0.014086645096540451,
      0.009646491147577763,
      0.01631845533847809,
      0.07497427612543106,
      -0.04887060448527336,
      0.04932665824890137,
      -0.036073192954063416,
      0.08861593902111053,
      -0.004122347105294466,
      0.03631075099110603,
      0.00742489006370306,
      -0.0903710201382637,
      0.08316319435834885,
      0.00608972879126668,
      -0.03233085200190544,
      0.013115104287862778,
      -0.004756879527121782,
      -0.08017250895500183,
      -0.00870938878506422,
      0.138478085398674,
      -0.02841801941394806,
      0.049861371517181396,
      0.040559593588113785,
      -0.05931638181209564,
      0.06899169832468033,
      -0.04245292395353317,
      -0.04548129066824913,
      -0.0026001781225204468,
      0.029830114915966988,
      -0.052067432552576065,
      -0.0011354624293744564,
      0.011687174439430237,
      -0.03533196821808815,
      -0.049545422196388245,
      -0.01127659622579813,
      0.0316268652677536,
      0.011248894035816193,
      0.06786040961742401,
      -0.017630020156502724,
      0.003869068343192339,
      0.003698009764775634,
      -0.03523114323616028,
      0.030148953199386597,
      0.08203122764825821,
      0.06456837803125381,
      -0.13142740726470947,
      0.06459876149892807,
      0.0012654232559725642,
      0.049199655652046204,
      -0.07376930862665176,
      0.10356751084327698,
      -0.025653377175331116,
      0.01715443655848503,
      -0.010332267731428146,
      -0.01082884892821312,
      -0.01924516074359417,
      -2.3052605020296495e-33,
      -0.02805418148636818,
      0.035179298371076584,
      0.07822228968143463,
      0.07824049890041351,
      0.04223662614822388,
      -0.04260874167084694,
      -0.024696294218301773,
      0.04527028277516365,
      -0.08462803810834885,
      -0.036817315965890884,
      -0.004331247415393591,
      0.11076421290636063,
      -0.03564653918147087,
      0.028555408120155334,
      0.03326483443379402,
      -0.015840981155633926,
      -0.047260381281375885,
      0.02500993199646473,
      0.024241747334599495,
      0.047763023525476456,
      0.04058391600847244,
      -0.030053388327360153,
      0.03970741480588913,
      -0.010839671827852726,
      0.0844370424747467,
      -0.044232726097106934,
      0.004888349678367376,
      -0.0473363921046257,
      0.0018904933240264654,
      0.007151929195970297,
      -0.05225715786218643,
      -0.0031715428922325373,
      -0.03200915828347206,
      -0.03753260150551796,
      0.018980862572789192,
      -0.034815169870853424,
      0.020984230563044548,
      -0.13486281037330627,
      0.020225614309310913,
      0.019681520760059357,
      -0.04183996096253395,
      0.023882444947957993,
      -0.015130237676203251,
      -0.0034608920104801655,
      0.011298825964331627,
      0.025676045566797256,
      0.056397076696157455,
      -0.008670706301927567,
      0.03307054564356804,
      0.08205096423625946,
      -0.06164756044745445,
      -0.086122065782547,
      0.006261188071221113,
      0.011377385817468166,
      -0.005808433052152395,
      -0.033155038952827454,
      -0.01571051776409149,
      -0.04449497163295746,
      0.03384024277329445,
      -0.020760992541909218,
      0.030435927212238312,
      0.027253611013293266,
      -0.030820608139038086,
      0.05090375989675522,
      -0.03714418783783913,
      0.10079209506511688,
      0.047241996973752975,
      0.007068220060318708,
      0.1166500598192215,
      0.005160897504538298,
      -0.11733092367649078,
      -0.0458318293094635,
      -0.024165596812963486,
      0.003649754449725151,
      0.015418804250657558,
      -0.02446315996348858,
      -0.07685837149620056,
      -0.09044425934553146,
      0.0005795909091830254,
      0.06057707965373993,
      0.07284370064735413,
      -0.009647153317928314,
      -0.0009423810406588018,
      -0.038916606456041336,
      0.06519050151109695,
      0.010961956344544888,
      0.019258055835962296,
      -0.054544877260923386,
      0.022142957895994186,
      -0.009287918917834759,
      -0.00851481407880783,
      -0.018180614337325096,
      0.010628050193190575,
      0.11469859629869461,
      -0.0015408422332257032,
      4.087747625850926e-34,
      -0.014664953574538231,
      0.04083399847149849,
      0.03818917274475098,
      0.05304952710866928,
      0.05297059938311577,
      -0.0029991441406309605,
      0.03575424477458,
      -0.09496055543422699,
      0.05759517475962639,
      0.05206600949168205,
      0.01703646406531334,
      -0.020012903958559036,
      -0.010538660921156406,
      0.020002342760562897,
      -0.0018698215717449784,
      -0.07692627608776093,
      -0.10099814087152481,
      -0.02086522988975048,
      -0.08214195817708969,
      -0.00039655211730860174,
      -0.05832100659608841,
      0.0994843989610672,
      -0.10349327325820923,
      -0.04185744374990463,
      0.009743975475430489,
      -0.06205017864704132,
      0.011448923498392105,
      -0.061509158462285995,
      0.02936910279095173,
      -0.0021366861183196306,
      0.025259265676140785,
      0.04840172827243805,
      -0.04417834430932999,
      -0.04312042519450188,
      -0.021618172526359558,
      0.05086918920278549,
      0.09925206750631332,
      -0.09969766438007355,
      0.019588278606534004,
      0.06039881333708763,
      0.08260326087474823,
      0.0011121080024167895,
      -0.027094246819615364,
      -0.05120844393968582,
      -0.043262582272291183,
      0.01997196488082409,
      0.01711219735443592,
      0.07899409532546997,
      -0.012692422606050968,
      0.011280744336545467,
      0.05213380604982376,
      0.02433013916015625,
      0.0635010153055191,
      -0.040259480476379395,
      0.03898942098021507,
      0.02092267945408821,
      0.032719820737838745,
      -0.06642259657382965,
      -0.07622648030519485,
      -0.03984581306576729,
      -0.06988107413053513,
      0.03332426771521568,
      0.07599843293428421,
      0.029684439301490784,
      -0.016517892479896545,
      -0.06166030839085579,
      -0.0451817624270916,
      0.0998855009675026,
      -0.037803299725055695,
      -0.09735240042209625,
      -0.008814103901386261,
      -0.004105434287339449,
      0.011826446279883385,
      -0.0024824209976941347,
      -0.08533908426761627,
      -0.07140908390283585,
      -0.07948459684848785,
      -0.03347395732998848,
      -0.03587184101343155,
      0.06467417627573013,
      -0.015093382447957993,
      0.005947984289377928,
      0.007925393059849739,
      -0.03963209316134453,
      -0.015456677414476871,
      0.1270219087600708,
      0.018778670579195023,
      -0.006772119086235762,
      0.02259507216513157,
      -0.059915993362665176,
      -0.12349904328584671,
      -0.013967459090054035,
      -0.0925447940826416,
      0.05420933663845062,
      0.00786492507904768,
      -4.2181078185876686e-08,
      -0.05097405984997749,
      0.01323902327567339,
      0.014651846140623093,
      0.019047612324357033,
      0.0032971203327178955,
      0.016130903735756874,
      -0.12257250398397446,
      0.044999174773693085,
      0.015859149396419525,
      0.0456104651093483,
      0.033938318490982056,
      -0.07299497723579407,
      -0.08798645436763763,
      0.052024103701114655,
      0.060873180627822876,
      0.024818850681185722,
      0.11689284443855286,
      -0.004652547184377909,
      -8.553349471185356e-05,
      -0.03207144886255264,
      0.05539710074663162,
      -0.007856279611587524,
      -0.05696237087249756,
      0.04894280433654785,
      -0.05226727947592735,
      -0.012074790894985199,
      -0.0026307767257094383,
      0.043520353734493256,
      -0.00954971369355917,
      -0.019601382315158844,
      0.011744125746190548,
      -0.08643662929534912,
      -0.007980285212397575,
      -0.017440441995859146,
      0.034353990107774734,
      -0.03340223804116249,
      0.05940747261047363,
      0.010278614237904549,
      0.03234005719423294,
      0.09986761957406998,
      -0.005310432985424995,
      0.10531120002269745,
      -0.01103263534605503,
      0.046207863837480545,
      -0.04271513596177101,
      -0.00992566253989935,
      -0.003956077620387077,
      0.005685058888047934,
      -0.05511185899376869,
      0.024194013327360153,
      -0.003424618858844042,
      -0.021328413859009743,
      -0.047454871237277985,
      -0.004986309912055731,
      0.07537024468183517,
      0.08935721218585968,
      -0.038329679518938065,
      0.03440561145544052,
      -0.11588867008686066,
      0.10052115470170975,
      0.04237769544124603,
      0.036747001111507416,
      0.00542275607585907,
      -0.0021143644116818905
    ],
    "embedding_provider": "SentenceTransformer",
    "embedding_model": "sentence-transformers/all-MiniLM-L6-v2",
    "created_at": "2026-08-05 18:47:59.481330+00:00",
    "embedding_dimension": 384
  },
  {
    "chunk_id": "31971d6c-2f24-48b4-9a5d-1c9a22c95335",
    "embeddings": [
      -0.049263857305049896,
      0.013905256055295467,
      -0.03358748182654381,
      -0.00280619109980762,
      -0.07678381353616714,
      -0.02728959172964096,
      0.0765402764081955,
      0.010822581127285957,
      -0.06940176337957382,
      -0.011122348718345165,
      -0.05538967624306679,
      -0.04192257672548294,
      0.06821078807115555,
      0.06735450774431229,
      -0.03323986008763313,
      0.005853841081261635,
      0.051841750741004944,
      -0.04621683433651924,
      0.08230388909578323,
      -0.08945068717002869,
      -0.03537021577358246,
      -0.0029110792092978954,
      -0.011054318398237228,
      -0.0898907408118248,
      0.05214328691363335,
      -0.049680326133966446,
      0.0023271185345947742,
      -0.009810583665966988,
      -0.05122901871800423,
      -0.07645364850759506,
      -0.07131334394216537,
      0.005758228711783886,
      0.05511052906513214,
      0.012718898244202137,
      0.03200190141797066,
      0.09584103524684906,
      0.020137157291173935,
      0.10056385397911072,
      -0.0029976621735841036,
      -0.05631791800260544,
      0.007038672920316458,
      -0.05226944014430046,
      -0.02663593739271164,
      -0.09060116112232208,
      -0.009245818480849266,
      -0.059021174907684326,
      0.04586637392640114,
      0.011693310923874378,
      -0.007355245295912027,
      0.025587791576981544,
      -0.1137433797121048,
      -0.06530793756246567,
      0.06876855343580246,
      0.012342680245637894,
      -0.016254868358373642,
      -0.03020421601831913,
      0.07539219409227371,
      0.006054458674043417,
      0.0034440255258232355,
      -0.05092501640319824,
      -0.0030318317003548145,
      0.0065261125564575195,
      -0.09165067970752716,
      -0.002005381276831031,
      0.04188719391822815,
      0.029322698712348938,
      -0.04350310191512108,
      0.033186644315719604,
      -0.071424700319767,
      -0.03046179749071598,
      -0.008670538663864136,
      -0.07727638632059097,
      -0.0285263080149889,
      -0.0193462111055851,
      0.04572322592139244,
      -0.024812327697873116,
      -0.02098584733903408,
      -0.016857124865055084,
      -0.008768863044679165,
      -0.05533846840262413,
      0.006881281733512878,
      -0.01050405390560627,
      -0.08651778101921082,
      0.1376422792673111,
      -0.03259151056408882,
      0.004966191481798887,
      0.028842732310295105,
      -0.011816052719950676,
      0.02721989154815674,
      -0.0495695099234581,
      0.06552319973707199,
      0.00640892144292593,
      0.0387900248169899,
      -0.06102149933576584,
      0.03715021163225174,
      -0.08700520545244217,
      0.012363559566438198,
      0.02028304524719715,
      -0.02479751594364643,
      0.04087578505277634,
      0.025386769324541092,
      -0.011407587677240372,
      0.03417066112160683,
      -0.03470921888947487,
      -0.08292222768068314,
      0.06394743174314499,
      -0.011601319536566734,
      0.05316175892949104,
      -0.002192909363657236,
      -0.009904935024678707,
      -0.011621777899563313,
      0.025955529883503914,
      -0.08283277601003647,
      -0.009076339192688465,
      0.0443941093981266,
      0.04911809787154198,
      -0.11173958331346512,
      0.06640607863664627,
      0.011408788152039051,
      0.11629447340965271,
      0.05238417536020279,
      0.1306273341178894,
      -0.13840430974960327,
      0.012008135206997395,
      -0.019141625612974167,
      0.012492748908698559,
      0.05043358355760574,
      1.908920908472822e-33,
      -0.0076377675868570805,
      0.09917473793029785,
      0.04508727043867111,
      0.0729743018746376,
      0.039452847093343735,
      -0.000640515994746238,
      -0.038296520709991455,
      0.05884384363889694,
      0.015921704471111298,
      -0.01967102661728859,
      0.005807364359498024,
      0.11562557518482208,
      0.052964404225349426,
      -0.043554652482271194,
      -0.05133012309670448,
      0.0076344069093465805,
      -0.010637475177645683,
      0.08478111773729324,
      -0.023284392431378365,
      0.03925838693976402,
      0.03217862546443939,
      -0.02002117782831192,
      -0.0061233448795974255,
      0.04938323795795441,
      0.08224315196275711,
      -0.0028488864190876484,
      0.07258349657058716,
      -0.0306799728423357,
      0.07277851551771164,
      0.019331492483615875,
      0.04669571667909622,
      0.0324215441942215,
      0.0022506285458803177,
      0.014256767928600311,
      -0.06252830475568771,
      0.020259493961930275,
      0.004874533973634243,
      -0.08878658711910248,
      0.009110182523727417,
      0.01427855808287859,
      -0.023730004206299782,
      0.05345461517572403,
      0.015962669625878334,
      -0.027932845056056976,
      -0.053568676114082336,
      -0.0004114916082471609,
      0.12494708597660065,
      0.01652364432811737,
      -0.0009833825752139091,
      0.09109857678413391,
      -0.07994440197944641,
      -0.035592708736658096,
      -0.05616534873843193,
      0.01322178915143013,
      -0.024625882506370544,
      -0.018070397898554802,
      0.06478064507246017,
      -0.041074272245168686,
      0.0478672981262207,
      -0.0063391318544745445,
      -0.04740389436483383,
      -0.03918185085058212,
      -0.06483251601457596,
      0.020072080194950104,
      -0.06665654480457306,
      -0.02671843394637108,
      0.05166267603635788,
      -0.02805321477353573,
      0.08038712292909622,
      -0.0046551842242479324,
      -0.05709484592080116,
      0.032527193427085876,
      0.0490274615585804,
      0.02575749345123768,
      -0.03547004237771034,
      0.055970609188079834,
      -0.05039610713720322,
      -0.00861759390681982,
      -0.08640348166227341,
      0.04121353477239609,
      -0.07003261148929596,
      0.06578809767961502,
      0.010861151851713657,
      0.001680131652392447,
      0.13328717648983002,
      0.08733822405338287,
      0.02270669862627983,
      -0.015239839442074299,
      -0.00503983348608017,
      0.05506201088428497,
      -0.004546279553323984,
      -0.00022860447643324733,
      -0.00964725948870182,
      0.05678126960992813,
      -0.04568677023053169,
      -3.5076475922048585e-33,
      -0.04206028953194618,
      -0.03688795864582062,
      -0.004449194762855768,
      0.07296227663755417,
      0.05386950075626373,
      -0.03397683426737785,
      -0.03675747290253639,
      -0.003979788161814213,
      0.025919437408447266,
      0.011770518496632576,
      -0.03085298091173172,
      0.0325399786233902,
      0.02758532389998436,
      -0.01667209342122078,
      -0.008808114565908909,
      -0.0012987791560590267,
      0.013949058949947357,
      -0.03852751851081848,
      -0.06250311434268951,
      -0.019533691927790642,
      -0.024544566869735718,
      0.07413797080516815,
      -0.002991999266669154,
      0.050348613411188126,
      0.0012230052379891276,
      0.05540888383984566,
      -0.05775199458003044,
      -0.04002993181347847,
      0.016969608142971992,
      0.07445735484361649,
      -0.04160583019256592,
      -0.02221534587442875,
      -0.10076622664928436,
      0.04570792615413666,
      -0.06846830993890762,
      0.01691473089158535,
      -0.04914924502372742,
      0.03392224386334419,
      0.04140929877758026,
      0.055842701345682144,
      0.023910434916615486,
      -0.03108956292271614,
      -0.026532968506217003,
      -0.04583989828824997,
      -0.04202614724636078,
      -0.15709133446216583,
      0.0065521253272891045,
      -0.03298728168010712,
      -0.03422853723168373,
      -0.11003066599369049,
      0.01342596672475338,
      0.013207375071942806,
      -0.0016761282458901405,
      -0.05665809288620949,
      -0.037704356014728546,
      0.02330681122839451,
      0.09799272567033768,
      -0.012867894023656845,
      -0.10671626776456833,
      0.022025184705853462,
      0.02231122925877571,
      0.04624958336353302,
      0.10082574933767319,
      0.06078081578016281,
      -0.014751897193491459,
      -0.05420312657952309,
      0.05463616922497749,
      -0.0308022890239954,
      0.018694303929805756,
      -0.046173274517059326,
      0.03747516870498657,
      -0.012599240057170391,
      -0.020673859864473343,
      0.0060417125932872295,
      -0.04914540797472,
      0.02367549017071724,
      0.004741805139929056,
      -0.042188581079244614,
      -0.04277106001973152,
      0.030995046719908714,
      -0.021956276148557663,
      -0.004393795970827341,
      0.03762821480631828,
      -0.023858100175857544,
      -0.05211152508854866,
      0.07492266595363617,
      -0.014591854996979237,
      -0.019325824454426765,
      0.1029725894331932,
      -0.038269903510808945,
      -0.07571394741535187,
      -0.015226592309772968,
      -0.04608124867081642,
      -0.008404111489653587,
      0.03585615009069443,
      -4.403880637937618e-08,
      0.03368055447936058,
      0.0486513115465641,
      0.038277946412563324,
      0.02729906141757965,
      -0.04369377717375755,
      -0.10719289630651474,
      -0.04383545741438866,
      0.09107691794633865,
      0.020507926121354103,
      0.012327552773058414,
      -0.014434480108320713,
      -0.12541942298412323,
      0.03549885377287865,
      -0.020136505365371704,
      0.11615375429391861,
      -0.02891410142183304,
      0.10434789955615997,
      0.12781904637813568,
      -0.10029050707817078,
      -0.06135936826467514,
      0.05433109775185585,
      0.012968203984200954,
      0.00199592811986804,
      -0.06057055667042732,
      -0.03945314511656761,
      -0.025322729721665382,
      0.034043654799461365,
      0.003395499661564827,
      -0.04430141672492027,
      0.03211131691932678,
      -0.06565824151039124,
      0.05770548805594444,
      -0.06617622077465057,
      -0.09168001264333725,
      0.02677110768854618,
      -0.03464832156896591,
      0.08764040470123291,
      -0.019549349322915077,
      -0.019284095615148544,
      0.0058293635956943035,
      -0.003578052157536149,
      -0.007613511756062508,
      0.005039071198552847,
      0.025044018402695656,
      -0.10310330241918564,
      0.004996959585696459,
      -0.04471345618367195,
      -0.08989448845386505,
      0.0269671231508255,
      -0.002137550385668874,
      0.04882856830954552,
      0.0034387470223009586,
      0.10319025814533234,
      0.0473366379737854,
      0.016519030556082726,
      0.04552363231778145,
      0.007971431128680706,
      -0.06793146580457687,
      -0.05016104876995087,
      0.016706297174096107,
      0.029593994840979576,
      -0.04832853376865387,
      -0.035133905708789825,
      -0.01165267638862133
    ],
    "embedding_provider": "SentenceTransformer",
    "embedding_model": "sentence-transformers/all-MiniLM-L6-v2",
    "created_at": "2026-08-05 18:47:59.481344+00:00",
    "embedding_dimension": 384
  },
  {
    "chunk_id": "5a5679e4-c4b3-4223-8b2d-9c463da927ae",
    "embeddings": [
      -0.04007592797279358,
      -0.039087120443582535,
      0.012917661108076572,
      0.09930609911680222,
      -0.003467773087322712,
      -0.13440251350402832,
      0.02926461398601532,
      -0.018470866605639458,
      -0.08541688323020935,
      0.05242494121193886,
      -0.03429270163178444,
      -0.029678726568818092,
      0.09249047935009003,
      0.03782162815332413,
      -0.023730266839265823,
      0.04606585577130318,
      -0.06963400542736053,
      -0.05875971168279648,
      0.06098527833819389,
      -0.12721343338489532,
      -0.08869670331478119,
      0.01641804724931717,
      -0.0174623504281044,
      -0.08334764093160629,
      0.05469140782952309,
      0.07893223315477371,
      0.03714951500296593,
      0.024508405476808548,
      -0.03759007900953293,
      -0.06778740137815475,
      -0.07359388470649719,
      -0.007675930391997099,
      -0.022732965648174286,
      0.053726498037576675,
      -0.047714073210954666,
      -0.00483748409897089,
      0.05007493495941162,
      0.03470418602228165,
      0.051572032272815704,
      0.010876958258450031,
      -0.026008114218711853,
      -0.019235961139202118,
      0.0010967348935082555,
      -0.02068612538278103,
      0.017027929425239563,
      -0.03251269459724426,
      -0.02764739841222763,
      -0.10233764350414276,
      0.034708913415670395,
      0.03793793171644211,
      -0.09470799565315247,
      -0.027355683967471123,
      -0.007729136850684881,
      -0.0015949355438351631,
      0.011134598404169083,
      -0.0018572373082861304,
      0.03728705272078514,
      0.06121683493256569,
      -0.021246174350380898,
      0.017512870952486992,
      0.05336711183190346,
      -0.019137121737003326,
      -0.04744364693760872,
      0.034394361078739166,
      0.04365933686494827,
      0.01763129234313965,
      -0.0647726058959961,
      0.12443555146455765,
      0.031432781368494034,
      -0.0823289081454277,
      -0.007600480690598488,
      0.02705775760114193,
      -0.07010586559772491,
      0.04049617797136307,
      0.0686875507235527,
      0.024676838889718056,
      0.018887344747781754,
      -0.02594999223947525,
      0.11909999698400497,
      -0.004161301534622908,
      0.045410893857479095,
      0.01836688444018364,
      -0.03735032305121422,
      0.10275274515151978,
      -0.04595312476158142,
      -0.10165533423423767,
      -0.0011941591510549188,
      0.03585699945688248,
      -0.00045296215103007853,
      -0.033044684678316116,
      0.14641344547271729,
      0.011019821278750896,
      -0.03592342138290405,
      0.03566719591617584,
      -0.03379310294985771,
      -0.036964088678359985,
      -0.10265929251909256,
      -0.022585272789001465,
      0.060861095786094666,
      -0.028641432523727417,
      -0.045848067849874496,
      0.006998446770012379,
      -0.05659827962517738,
      0.06491094827651978,
      -0.04705294221639633,
      -0.0003532591217663139,
      0.021678410470485687,
      -0.015048610046505928,
      0.002943555125966668,
      0.018917370587587357,
      -0.04360704496502876,
      0.09379981458187103,
      -0.08558833599090576,
      -0.01730729267001152,
      -0.06334195286035538,
      0.06436557322740555,
      -0.10602554678916931,
      0.05949478968977928,
      -0.008128926157951355,
      0.040891945362091064,
      -0.08509866148233414,
      0.09542614221572876,
      -0.07687032222747803,
      -0.07000566273927689,
      0.011273132637143135,
      -0.06185460835695267,
      -0.08100578188896179,
      1.4673474428180134e-34,
      -0.06565045565366745,
      -0.013666398823261261,
      0.016193995252251625,
      0.02200010046362877,
      0.03604886680841446,
      -0.01701541244983673,
      -0.03140780329704285,
      0.025110136717557907,
      -0.07192707806825638,
      0.043360915035009384,
      0.02904547192156315,
      0.12837493419647217,
      -0.030116263777017593,
      0.008397259749472141,
      0.019315417855978012,
      0.015526619739830494,
      0.010588749311864376,
      0.022962812334299088,
      -0.05908278003334999,
      0.0023570104967802763,
      0.06207180395722389,
      -0.04523395001888275,
      0.03871956095099449,
      0.053548045456409454,
      0.08499883115291595,
      -0.003011981025338173,
      -0.005268140695989132,
      0.00727875716984272,
      0.11807174980640411,
      0.011509889736771584,
      0.017913594841957092,
      -0.027571769431233406,
      -0.01663956418633461,
      0.00025444067432545125,
      0.04260711744427681,
      0.007353152614086866,
      0.026095623150467873,
      -0.03443536162376404,
      0.0429256297647953,
      0.018316131085157394,
      -0.033526960760354996,
      0.04709605500102043,
      0.02029138244688511,
      0.0058725085109472275,
      -0.10354434698820114,
      0.010616455227136612,
      0.0986715778708458,
      -0.009648477658629417,
      0.10296051949262619,
      -0.003513090079650283,
      -0.07860859483480453,
      -0.05186397209763527,
      0.03142242506146431,
      0.0036091397050768137,
      -0.007328448351472616,
      0.06807710975408554,
      0.001998727908357978,
      -0.09319107234477997,
      -0.02508285455405712,
      -0.000316077028401196,
      -0.056928303092718124,
      0.022504128515720367,
      -0.03146074339747429,
      -0.07915956526994705,
      -0.044541120529174805,
      0.046448685228824615,
      -0.028217798098921776,
      -0.011340972036123276,
      0.12474911659955978,
      0.012529066763818264,
      -0.06755418330430984,
      -0.01941703073680401,
      0.023854440078139305,
      -0.0033089774660766125,
      0.046637482941150665,
      -0.0026018742937594652,
      -0.054068829864263535,
      -0.03392023593187332,
      -0.021700048819184303,
      -0.022516196593642235,
      0.014365465380251408,
      -0.015155913308262825,
      0.02651396580040455,
      -0.032514750957489014,
      0.060483239591121674,
      0.05483989045023918,
      0.015766041353344917,
      -0.02782905101776123,
      0.0179325919598341,
      0.03173517435789108,
      -0.0006383029976859689,
      0.03942343220114708,
      0.0006528684170916677,
      0.039022695273160934,
      -0.038272421807050705,
      -1.9428840626749472e-33,
      -0.01902034319937229,
      0.0567295141518116,
      0.011695099994540215,
      0.06094377115368843,
      0.055166132748126984,
      0.02677122876048088,
      0.0008656773716211319,
      -0.027242159470915794,
      0.05047892406582832,
      0.015109318308532238,
      -0.01945352554321289,
      0.006203197408467531,
      0.050239719450473785,
      0.04967309162020683,
      -0.01846708357334137,
      -0.027881363406777382,
      -0.05114069953560829,
      -0.022225435823202133,
      -0.11191827058792114,
      -0.012911461293697357,
      -0.035941384732723236,
      0.09739916026592255,
      -0.06686427444219589,
      -0.0819847360253334,
      0.02157817967236042,
      0.008651708252727985,
      0.007540680933743715,
      -0.029081521555781364,
      0.030577901750802994,
      0.029876165091991425,
      -0.006578008644282818,
      0.012948058545589447,
      -0.005069409962743521,
      -0.042020075023174286,
      -0.013621442019939423,
      -0.057556767016649246,
      0.13812637329101562,
      -0.044046640396118164,
      -0.01590094529092312,
      -0.0019948130939155817,
      0.008594905026257038,
      0.02995345927774906,
      0.0011367894476279616,
      0.018563315272331238,
      0.02135639637708664,
      -0.022189324721693993,
      0.06416361033916473,
      0.062249310314655304,
      -0.014021800830960274,
      -0.08251491189002991,
      0.02150418423116207,
      0.028946563601493835,
      0.027561046183109283,
      -0.038133393973112106,
      0.07999349385499954,
      -0.011930221691727638,
      0.07422232627868652,
      -0.01872842386364937,
      -0.1190769150853157,
      0.04726666212081909,
      0.006078952457755804,
      0.0022130412980914116,
      0.04004906862974167,
      0.003494200762361288,
      0.0151281813159585,
      0.02297063171863556,
      0.030899114906787872,
      0.012688515707850456,
      -0.08095504343509674,
      -0.10293610394001007,
      -0.01202190201729536,
      0.017345817759633064,
      -0.02930089458823204,
      -0.043099045753479004,
      -0.05448467284440994,
      -0.062364865094423294,
      -0.0698530375957489,
      -0.026204753667116165,
      -0.022577743977308273,
      0.06815286725759506,
      -0.003573421621695161,
      -0.015932241454720497,
      -0.026446614414453506,
      -0.02245190180838108,
      0.0844639465212822,
      0.10255587846040726,
      -0.005844842176884413,
      -0.09836795926094055,
      -0.0175175778567791,
      -0.05503126233816147,
      -0.13926205039024353,
      -0.042007654905319214,
      -0.06970643252134323,
      -0.017788702622056007,
      0.021463539451360703,
      -3.330917408561618e-08,
      0.005934122484177351,
      -0.02289479598402977,
      0.0025753972586244345,
      0.00918334536254406,
      0.039643049240112305,
      0.02321888506412506,
      -0.06344036757946014,
      0.07417145371437073,
      0.030581260100007057,
      0.02440926618874073,
      0.001093497034162283,
      -0.001148920739069581,
      -0.016577428206801414,
      -0.01098150946199894,
      0.05841515213251114,
      -0.03784608840942383,
      0.12259142845869064,
      -0.008363653905689716,
      0.016027655452489853,
      0.06691688299179077,
      0.04604870826005936,
      0.039026889950037,
      -0.05699940398335457,
      -0.0040525696240365505,
      0.007570096291601658,
      -0.0011152924271300435,
      0.0024054041132330894,
      0.015566357411444187,
      -0.03968874737620354,
      -0.0566348098218441,
      -0.028273344039916992,
      -0.04979690909385681,
      0.03251612186431885,
      -0.05744784697890282,
      0.06405376642942429,
      -0.11385215818881989,
      0.1032492071390152,
      -0.008289127610623837,
      0.050981372594833374,
      -0.018238432705402374,
      -0.019650883972644806,
      0.07210702449083328,
      -0.018986180424690247,
      0.06547362357378006,
      -0.06923781335353851,
      0.08052491396665573,
      -0.0001474217715440318,
      0.019758161157369614,
      0.014612775295972824,
      0.1024421975016594,
      0.008852483704686165,
      -0.06408397853374481,
      -0.0007046451210044324,
      -0.002774779452010989,
      0.04328073933720589,
      0.029912194237113,
      -0.03989943489432335,
      0.003349564503878355,
      -0.10550025850534439,
      0.09943610429763794,
      0.041464004665613174,
      -0.08073204755783081,
      -0.0851292759180069,
      0.004661204293370247
    ],
    "embedding_provider": "SentenceTransformer",
    "embedding_model": "sentence-transformers/all-MiniLM-L6-v2",
    "created_at": "2026-08-05 18:47:59.481357+00:00",
    "embedding_dimension": 384
  },
  {
    "chunk_id": "430a1191-e213-4a49-9058-8e955d7c4ed8",
    "embeddings": [
      -0.028240298852324486,
      -0.05406443402171135,
      -0.030096430331468582,
      0.08135522902011871,
      0.013356631621718407,
      -0.11663804203271866,
      -0.006444538943469524,
      0.03190973401069641,
      -0.07008573412895203,
      -0.022488264366984367,
      -0.12848137319087982,
      -0.03438159450888634,
      -0.0014794961316511035,
      0.043212179094552994,
      -0.01449333131313324,
      0.05716083571314812,
      -0.005884528625756502,
      -0.0476890467107296,
      0.10092541575431824,
      -0.11790462583303452,
      -0.05992898344993591,
      -0.031391993165016174,
      -0.014484514482319355,
      -0.06365632265806198,
      0.0867619663476944,
      0.024300668388605118,
      0.0357477031648159,
      0.019125882536172867,
      -0.01812116988003254,
      -0.03940076753497124,
      -0.08843487501144409,
      -0.00803482998162508,
      0.007713962811976671,
      0.013418293558061123,
      0.00538634555414319,
      0.0486689954996109,
      0.0520838163793087,
      0.021146750077605247,
      0.029767900705337524,
      -0.04972626641392708,
      -0.0037262721452862024,
      -0.06700123846530914,
      -0.007621412165462971,
      -0.05882315710186958,
      0.026341969147324562,
      -0.06244506314396858,
      0.014862078242003918,
      -0.01190839521586895,
      0.04461647942662239,
      0.05656260997056961,
      -0.08942940086126328,
      -0.06503663957118988,
      -0.011394360102713108,
      0.006129601504653692,
      -0.011374766938388348,
      0.06641725450754166,
      0.015706393867731094,
      0.005942520685493946,
      0.052406538277864456,
      -0.09565281122922897,
      0.01403751689940691,
      -0.03016773611307144,
      -0.028102602809667587,
      0.035533107817173004,
      0.011969209648668766,
      0.01605077274143696,
      -0.07000661641359329,
      0.11011350899934769,
      0.016945818439126015,
      -0.08462104946374893,
      0.006534382235258818,
      -0.04338225722312927,
      -0.11596379429101944,
      0.01811394654214382,
      0.05753466486930847,
      0.005195352714508772,
      0.07278355956077576,
      -0.054771676659584045,
      0.06077741086483002,
      -0.02172655239701271,
      -0.02327124774456024,
      -0.034603625535964966,
      -0.09167087823152542,
      0.10823019593954086,
      0.023043686524033546,
      -0.06800329685211182,
      0.02969367429614067,
      0.05836385115981102,
      -0.02401619404554367,
      -0.02786119282245636,
      0.09309590607881546,
      -0.008333818055689335,
      -0.005088465288281441,
      0.006442592944949865,
      0.027895912528038025,
      -0.009339715354144573,
      0.01989288628101349,
      -0.00887391995638609,
      0.010822216048836708,
      0.03546435385942459,
      -0.027866235002875328,
      -0.032605476677417755,
      0.033469632267951965,
      -0.007082705851644278,
      -0.031219150871038437,
      0.041924722492694855,
      -0.016201669350266457,
      0.021709926426410675,
      0.015726575627923012,
      0.02492385543882847,
      -0.05257885530591011,
      -0.03201306238770485,
      -0.07147686183452606,
      -0.05869705229997635,
      0.06401074677705765,
      0.029240168631076813,
      -0.09861195832490921,
      -0.02294907160103321,
      -0.04928242787718773,
      0.08267590403556824,
      -0.07162617892026901,
      0.09038642048835754,
      0.017675817012786865,
      -0.004230177961289883,
      0.042972762137651443,
      0.005325179547071457,
      -0.10984666645526886,
      1.96576322350378e-33,
      -0.04796163737773895,
      -0.009106924757361412,
      0.056327320635318756,
      -0.025488438084721565,
      0.058006566017866135,
      -0.014587623998522758,
      -0.023898642510175705,
      0.08743037283420563,
      -0.01752818375825882,
      0.04167528450489044,
      0.04386598616838455,
      0.1516040712594986,
      0.019107893109321594,
      0.04802527651190758,
      0.08388634771108627,
      0.008413615636527538,
      0.022353680804371834,
      -0.002901623258367181,
      -0.02451803907752037,
      0.03940321132540703,
      0.028115544468164444,
      -0.07752106338739395,
      0.002036563353613019,
      0.06543716043233871,
      0.06239810213446617,
      0.03240430727601051,
      0.053576089441776276,
      0.04777940735220909,
      0.03955397009849548,
      0.036736391484737396,
      -0.0021704102400690317,
      -0.01564457081258297,
      -0.051892321556806564,
      0.0241539366543293,
      -0.04833584651350975,
      0.02047899179160595,
      -0.06522242724895477,
      -0.11473008245229721,
      0.02916550636291504,
      0.07219681143760681,
      -0.0716354176402092,
      0.01958930678665638,
      0.03037169761955738,
      -0.05220799520611763,
      -0.05808652192354202,
      0.04423730820417404,
      0.03718232363462448,
      -0.0019875825382769108,
      0.02441428042948246,
      0.06032262369990349,
      -0.07416393607854843,
      -0.06701589375734329,
      -0.05205488204956055,
      0.10494323819875717,
      0.0057069845497608185,
      0.05330566689372063,
      0.06650234013795853,
      -0.05438447743654251,
      0.0741306021809578,
      0.0077295764349401,
      -0.110043965280056,
      0.03278322145342827,
      -0.00422444473952055,
      -0.06277749687433243,
      -0.09717711806297302,
      0.055592432618141174,
      0.048688530921936035,
      0.05509001016616821,
      0.0540846586227417,
      0.013333861716091633,
      -0.04379518702626228,
      -0.024921296164393425,
      0.04729319363832474,
      -0.03304816409945488,
      0.04366745054721832,
      0.02644783817231655,
      -0.07391995191574097,
      0.03939443826675415,
      -0.008981909602880478,
      0.09352295100688934,
      0.010381443426012993,
      -0.005095709580928087,
      0.09982097893953323,
      0.003720873035490513,
      0.032379064708948135,
      -0.011738422326743603,
      0.013853284530341625,
      0.011160365305840969,
      -0.021090954542160034,
      0.045259736478328705,
      -0.08418688923120499,
      0.06065353751182556,
      -0.09566079825162888,
      0.008593331091105938,
      -0.06990054994821548,
      -1.9294119790595622e-33,
      -0.10406452417373657,
      -0.00575792882591486,
      0.015067816711962223,
      0.09302951395511627,
      0.05440351739525795,
      0.003570687025785446,
      -0.028592361137270927,
      -0.08111908286809921,
      0.0599992536008358,
      0.008562806993722916,
      -0.029203878715634346,
      -0.017606372013688087,
      -0.016275575384497643,
      0.014454273506999016,
      0.009841415099799633,
      0.03533525392413139,
      -0.06809335947036743,
      -0.09661315381526947,
      -0.04764828085899353,
      -0.017722824588418007,
      -0.1151048019528389,
      0.06843467056751251,
      -0.04384485259652138,
      -0.00993500929325819,
      -0.015157222747802734,
      -0.005651642102748156,
      -0.04849342629313469,
      -0.08805561065673828,
      0.022545039653778076,
      0.032556407153606415,
      -0.037769146263599396,
      0.06354030966758728,
      -0.055231768637895584,
      -0.008156801573932171,
      -0.00930830929428339,
      0.0002956411335617304,
      0.0399710088968277,
      -0.021427994593977928,
      0.028924252837896347,
      -0.005162929184734821,
      0.08363807201385498,
      0.006185819394886494,
      -0.01299862191081047,
      -0.05813733488321304,
      -0.04995166137814522,
      -0.02203116938471794,
      -0.061035268008708954,
      0.06818682700395584,
      0.003007215913385153,
      -0.05281657725572586,
      0.004538766574114561,
      0.09647596627473831,
      -0.004356002900749445,
      -0.05023360624909401,
      -0.0370921716094017,
      -0.030293675139546394,
      0.07468300312757492,
      0.019233463332057,
      -0.04678830876946449,
      0.025130094960331917,
      -0.025595903396606445,
      0.016519933938980103,
      0.10684127360582352,
      0.022348439320921898,
      -0.013362644240260124,
      0.0011006685672327876,
      0.028991691768169403,
      -0.0004632054187823087,
      -0.052947379648685455,
      -0.07781433314085007,
      0.08529822528362274,
      0.008435714058578014,
      0.01974039152264595,
      0.027667490765452385,
      -0.10336624085903168,
      -0.024025922641158104,
      -0.02798663266003132,
      0.024558592587709427,
      0.020454956218600273,
      0.044614966958761215,
      0.03970614820718765,
      0.010068037547171116,
      0.05263296514749527,
      -0.0016020821640267968,
      -0.018391689285635948,
      0.023836838081479073,
      -0.033111006021499634,
      -0.026870129629969597,
      0.004892002325505018,
      -0.06304296851158142,
      -0.13538101315498352,
      0.007909869775176048,
      -0.11126147210597992,
      0.04151693359017372,
      -0.00404731510207057,
      -3.3837569191064176e-08,
      -0.019618520513176918,
      0.034944258630275726,
      0.08774416148662567,
      0.046109482645988464,
      -0.029462063685059547,
      -0.01636902429163456,
      -0.039159998297691345,
      0.13230611383914948,
      0.0015287684509530663,
      0.0863092839717865,
      0.06332439929246902,
      -0.08234290033578873,
      -0.06095791980624199,
      0.04337014630436897,
      0.03297773003578186,
      0.015921415761113167,
      0.1115974634885788,
      0.023313719779253006,
      -0.004296176601201296,
      -0.016960296779870987,
      0.09715934097766876,
      0.07838575541973114,
      0.004403270315378904,
      -2.2560556317330338e-05,
      0.048553045839071274,
      -0.014851703308522701,
      0.009839029982686043,
      0.008882692083716393,
      -0.07040827721357346,
      0.0009985966607928276,
      -0.02374495193362236,
      0.010908616706728935,
      0.018422402441501617,
      -0.06946917623281479,
      0.09193050861358643,
      -0.014572718180716038,
      0.05763029307126999,
      -0.016374848783016205,
      -0.01776757650077343,
      0.021142417564988136,
      -0.029652126133441925,
      0.029962876811623573,
      -0.028681538999080658,
      -0.011323937214910984,
      -0.03107546642422676,
      -0.019780797883868217,
      -0.026598721742630005,
      -0.014127577655017376,
      0.05303484946489334,
      0.012955188751220703,
      -0.01843574270606041,
      -0.009972912259399891,
      0.030085433274507523,
      -0.02644919790327549,
      0.09912315756082535,
      0.069055937230587,
      -0.029575657099485397,
      -0.07251175493001938,
      -0.0342685803771019,
      0.06954554468393326,
      0.0117651941254735,
      -0.043681345880031586,
      -0.026568587869405746,
      0.015408862382173538
    ],
    "embedding_provider": "SentenceTransformer",
    "embedding_model": "sentence-transformers/all-MiniLM-L6-v2",
    "created_at": "2026-08-05 18:47:59.481371+00:00",
    "embedding_dimension": 384
  },
  {
    "chunk_id": "94eb202b-18da-4410-a7b3-44bf591c0226",
    "embeddings": [
      0.03584970906376839,
      -0.053219616413116455,
      0.01216133777052164,
      0.10714863985776901,
      -0.0737319067120552,
      -0.06446114927530289,
      0.03295215591788292,
      0.014876163564622402,
      -0.08643512427806854,
      -0.012447623535990715,
      -0.05853820592164993,
      -0.01917489618062973,
      0.03928457573056221,
      0.05282057076692581,
      0.007790671195834875,
      0.06437312811613083,
      -0.015303630381822586,
      -0.019939806312322617,
      -0.005252140574157238,
      -0.0922417864203453,
      -0.09630823880434036,
      0.011998753063380718,
      -0.04771462827920914,
      -0.034654971212148666,
      -0.005842825397849083,
      0.0012664482928812504,
      0.03040541708469391,
      -0.03369272127747536,
      0.015956446528434753,
      -0.06703934818506241,
      -0.017652958631515503,
      -0.03382793068885803,
      0.0365707129240036,
      0.07452176511287689,
      -0.003054444445297122,
      0.025072120130062103,
      0.06936335563659668,
      0.08269233256578445,
      0.08936615288257599,
      0.04559683799743652,
      -0.005016820039600134,
      -0.016907351091504097,
      -0.04245288670063019,
      -0.027793925255537033,
      0.028564589098095894,
      -0.05921942740678787,
      0.02928631193935871,
      -0.040879298001527786,
      0.0031386816408485174,
      0.02608274109661579,
      -0.1462346613407135,
      -0.024638919159770012,
      0.031088441610336304,
      0.02331681177020073,
      -0.011610673740506172,
      0.026080071926116943,
      0.042987897992134094,
      0.0538208931684494,
      -0.01982048526406288,
      0.02097887359559536,
      -0.010702529922127724,
      -0.002191622043028474,
      0.015687817707657814,
      -0.0660637617111206,
      -0.019722793251276016,
      0.027748724445700645,
      -0.05869912728667259,
      0.08425652980804443,
      -0.02273491770029068,
      -0.0761621817946434,
      -0.015738077461719513,
      -0.033031657338142395,
      -0.06967732310295105,
      0.019097553566098213,
      0.05901825800538063,
      -0.01959994249045849,
      0.01862509734928608,
      -0.07603655755519867,
      0.08602984994649887,
      0.017854994162917137,
      0.07295677810907364,
      0.00749123003333807,
      -0.1074955090880394,
      0.12789615988731384,
      -0.06366037577390671,
      -0.06249205768108368,
      -0.012252519838511944,
      0.0824708342552185,
      -0.03101317025721073,
      0.01576930470764637,
      0.07778371125459671,
      -0.0028575072064995766,
      0.015844453126192093,
      0.07240071892738342,
      0.011777549982070923,
      0.014339819550514221,
      -0.05114283040165901,
      -0.07233258336782455,
      -0.008314223960042,
      -0.01574883610010147,
      -0.07006615400314331,
      -0.000872319214977324,
      -0.021002788096666336,
      0.04815225675702095,
      -0.09958823025226593,
      -0.012455610558390617,
      -0.02738890051841736,
      -0.0012472362723201513,
      -0.04805829003453255,
      -0.0031131296418607235,
      0.005633651278913021,
      0.03321385011076927,
      -0.06337512284517288,
      -0.011606752872467041,
      0.009976270608603954,
      -0.020791541785001755,
      -0.14727440476417542,
      0.008928118273615837,
      0.022907041013240814,
      0.01912907510995865,
      -0.04691366106271744,
      0.0847238078713417,
      0.013187920674681664,
      0.03544330596923828,
      0.07327359169721603,
      -0.022599974647164345,
      -0.029825173318386078,
      3.085409654047508e-33,
      -0.039012033492326736,
      0.047573525458574295,
      0.06720574200153351,
      0.10521924495697021,
      0.038178496062755585,
      -0.08161333948373795,
      -0.0064052920788526535,
      0.024244733154773712,
      -0.02868110127747059,
      0.041240327060222626,
      0.015917038545012474,
      0.11994016170501709,
      -0.008638217113912106,
      -0.014154795557260513,
      -0.05400409922003746,
      0.041468653827905655,
      -0.026590298861265182,
      -0.0011221359018236399,
      -0.08544247597455978,
      0.02899095043540001,
      0.009260722436010838,
      -0.04734184965491295,
      -0.015870165079832077,
      -0.00844523124396801,
      0.08428524434566498,
      -0.009199462831020355,
      0.023362955078482628,
      0.02745596319437027,
      0.11877413094043732,
      0.0029572814237326384,
      -0.01057470217347145,
      -0.03377843648195267,
      -0.06806175410747528,
      0.026802709326148033,
      0.038877300918102264,
      -0.015610210597515106,
      -0.048500191420316696,
      -0.043174583464860916,
      0.012388803996145725,
      0.050878144800662994,
      -0.09286366403102875,
      0.03167508915066719,
      0.053429629653692245,
      0.012725010514259338,
      -0.08854126930236816,
      0.03222472593188286,
      0.05126386508345604,
      0.0002565426693763584,
      0.012336498126387596,
      0.012727106921374798,
      -0.06857596337795258,
      -0.04975384101271629,
      0.04868297278881073,
      0.010621435940265656,
      0.0036117162089794874,
      0.0459536649286747,
      0.038855552673339844,
      -0.12040795385837555,
      -0.004613429307937622,
      0.04212980344891548,
      -0.03609336540102959,
      0.014210746623575687,
      -0.033592864871025085,
      0.023636244237422943,
      -0.024488264694809914,
      -0.012024476192891598,
      -0.037305478006601334,
      0.032964594662189484,
      0.12179704010486603,
      -0.005701640620827675,
      -0.02487771026790142,
      -0.017463628202676773,
      0.08171273022890091,
      -0.02448200061917305,
      0.010784637182950974,
      -0.011714580468833447,
      -0.05840244144201279,
      -0.028454933315515518,
      0.049597471952438354,
      0.04154682531952858,
      0.0332743376493454,
      -0.036384548991918564,
      0.10378598421812057,
      0.03438148275017738,
      0.07185953110456467,
      0.011123276315629482,
      -0.06763135641813278,
      -0.020667027682065964,
      0.016457917168736458,
      0.04051464423537254,
      -0.07123786956071854,
      0.022910937666893005,
      -0.022962411865592003,
      0.03997024521231651,
      -0.03508146479725838,
      -2.40195262656646e-33,
      0.039004214107990265,
      0.02672886662185192,
      -0.014257574453949928,
      0.049764927476644516,
      0.12079329043626785,
      0.014278601855039597,
      0.04929858818650246,
      -0.016823623329401016,
      0.08967454731464386,
      0.006069008726626635,
      -0.026931971311569214,
      0.012665292248129845,
      0.00977308303117752,
      0.051069777458906174,
      -0.03088650293648243,
      -0.04136153683066368,
      -0.058305904269218445,
      0.0023002764210104942,
      -0.07878714799880981,
      -0.035889022052288055,
      -0.05492023378610611,
      -0.002557727973908186,
      -0.05377735197544098,
      -0.00735218683257699,
      0.049059316515922546,
      0.004817509092390537,
      -0.0016899232286959887,
      0.05161737650632858,
      0.03264567255973816,
      0.055508390069007874,
      -0.02881406992673874,
      -0.016639413312077522,
      0.06592089682817459,
      -0.028444627299904823,
      -0.08575526624917984,
      0.015862854197621346,
      0.008499628864228725,
      -0.07167425006628036,
      0.03170148283243179,
      0.01912231743335724,
      0.020355146378278732,
      0.032150641083717346,
      0.020951077342033386,
      -0.09027715027332306,
      0.02536528930068016,
      0.006063475273549557,
      0.043891798704862595,
      0.0726025179028511,
      0.013052592985332012,
      -0.020975150167942047,
      0.009617825038731098,
      0.03552599251270294,
      0.05009409040212631,
      0.02028745412826538,
      0.027374545112252235,
      0.04088669642806053,
      0.12167339771986008,
      -0.05819888412952423,
      -0.019365565851330757,
      0.06027552857995033,
      0.005650315899401903,
      -0.00168895092792809,
      0.15830039978027344,
      0.02836035192012787,
      -0.02022930048406124,
      -0.03696569427847862,
      0.04944247379899025,
      0.03416898474097252,
      -0.06151821091771126,
      -0.09276798367500305,
      -0.016810517758131027,
      -0.004319916013628244,
      0.07042168080806732,
      -0.03216065838932991,
      -0.07515963166952133,
      -0.04560759291052818,
      -0.13025669753551483,
      -0.017140671610832214,
      -0.03873758390545845,
      0.04803572595119476,
      0.0011133531806990504,
      -0.08737155795097351,
      -0.05207110196352005,
      0.049558140337467194,
      0.04232121258974075,
      0.09182252734899521,
      -0.03066663071513176,
      -0.08351977914571762,
      0.04092343896627426,
      -0.05961087346076965,
      -0.13887366652488708,
      -0.0348542258143425,
      -0.11282148957252502,
      0.02369927428662777,
      -0.011368614621460438,
      -4.20068886342051e-08,
      -0.0863964855670929,
      -0.03252911940217018,
      0.007346010766923428,
      -0.0030556470155715942,
      0.04027996212244034,
      -0.00585801200941205,
      -0.09891603887081146,
      0.07272393256425858,
      0.05014130845665932,
      0.0337974838912487,
      0.05514040216803551,
      -0.044318877160549164,
      0.006476962007582188,
      -0.013429258018732071,
      0.054723355919122696,
      -0.028333047404885292,
      0.03986535593867302,
      -0.03509260341525078,
      0.004762181546539068,
      0.010591930709779263,
      0.11083905398845673,
      -0.013425292447209358,
      -0.030220188200473785,
      -0.027659932151436806,
      0.07014651596546173,
      -0.04241327568888664,
      -0.08931949734687805,
      0.043568145483732224,
      -0.06804816424846649,
      -0.04451468214392662,
      -0.013973173685371876,
      -0.029268231242895126,
      0.049304407089948654,
      -0.06827287375926971,
      0.06204988807439804,
      -0.022694382816553116,
      0.09463820606470108,
      0.003692405065521598,
      -0.03490627184510231,
      -0.01874995417892933,
      -0.03274065628647804,
      0.0785360038280487,
      0.0019914531148970127,
      0.016690170392394066,
      -0.009358990006148815,
      0.054257962852716446,
      -0.05489730462431908,
      0.07980159670114517,
      0.06440512090921402,
      0.06275707483291626,
      0.04096614196896553,
      0.004158421885222197,
      -0.023067433387041092,
      -0.002108647720888257,
      0.07837365567684174,
      0.06245775148272514,
      0.013912549242377281,
      0.014585690572857857,
      -0.06903893500566483,
      0.0958876684308052,
      -0.03105580061674118,
      -0.06851613521575928,
      -0.036441072821617126,
      0.012111813761293888
    ],
    "embedding_provider": "SentenceTransformer",
    "embedding_model": "sentence-transformers/all-MiniLM-L6-v2",
    "created_at": "2026-08-05 18:47:59.481384+00:00",
    "embedding_dimension": 384
  },
  {
    "chunk_id": "879a7242-6693-48a2-a1f6-4c926ae7f0d6",
    "embeddings": [
      -0.022883491590619087,
      -0.009115983732044697,
      0.05769478529691696,
      -0.00833253562450409,
      -0.06368888169527054,
      0.004387345630675554,
      0.14130838215351105,
      -0.007681759539991617,
      -0.06804711371660233,
      -0.09913798421621323,
      -0.06599551439285278,
      -0.0016587958671152592,
      0.03153707832098007,
      -0.033841922879219055,
      -0.012363983318209648,
      1.5272938981070183e-05,
      0.004270377568900585,
      -0.023748252540826797,
      0.021407347172498703,
      -0.10070023685693741,
      -0.02506256103515625,
      0.041501689702272415,
      0.007306051440536976,
      -0.0100125502794981,
      -0.032707419246435165,
      -0.058479174971580505,
      0.014052022248506546,
      0.01808880642056465,
      -0.0030247620306909084,
      -0.009213365614414215,
      -0.0026745160575956106,
      0.03465426340699196,
      0.07585115730762482,
      -0.0008257396402768791,
      0.07959958165884018,
      0.2075662612915039,
      0.026328183710575104,
      0.05821505934000015,
      0.006327059119939804,
      0.04824758693575859,
      -0.042864374816417694,
      -0.04991721361875534,
      -0.02920323982834816,
      -0.02433074079453945,
      0.012256186455488205,
      -0.11926029622554779,
      0.039128582924604416,
      -0.006470519583672285,
      -0.018063409253954887,
      -0.039825137704610825,
      -0.15609462559223175,
      -0.08858127146959305,
      -0.003886154619976878,
      -0.059178948402404785,
      -0.027639443054795265,
      0.02949683368206024,
      -0.020379260182380676,
      0.03173540160059929,
      -0.019023971632122993,
      -0.061099305748939514,
      0.014290924184024334,
      0.000656861811876297,
      -0.057856082916259766,
      0.05929167568683624,
      -0.006856057792901993,
      0.043697670102119446,
      0.0064237285405397415,
      0.04508261755108833,
      -0.050983283668756485,
      -0.04276777431368828,
      -0.048860564827919006,
      -0.03833245113492012,
      -0.027102643623948097,
      0.0525691956281662,
      0.005072412546724081,
      -0.09334909915924072,
      -0.035698842257261276,
      -0.0507466159760952,
      0.008732385002076626,
      -0.0407029390335083,
      0.04289303347468376,
      -0.07821257412433624,
      -0.07661718130111694,
      0.04782517999410629,
      -0.06636901199817657,
      0.01641799695789814,
      0.036856669932603836,
      -0.048997312784194946,
      -0.022596662864089012,
      -0.025780415162444115,
      0.08012471348047256,
      -0.03364210203289986,
      -0.013418188318610191,
      0.021591365337371826,
      0.08495476841926575,
      -0.020716650411486626,
      -0.027982307597994804,
      -0.005205647088587284,
      -0.0030894982628524303,
      0.05751301720738411,
      0.0013871496776118875,
      -0.014114383608102798,
      -0.02819778397679329,
      0.07899511605501175,
      -0.06922806054353714,
      0.03345164656639099,
      -0.07716795057058334,
      -0.015588860027492046,
      -0.05803193151950836,
      -0.02687506377696991,
      -0.0020214873366057873,
      -0.005750399082899094,
      -0.06560755521059036,
      -0.009906236082315445,
      0.04362001642584801,
      0.011237608268857002,
      -0.038918934762477875,
      0.025677146390080452,
      0.0032819623593240976,
      0.05514632165431976,
      0.007984411902725697,
      0.09755400568246841,
      -0.14531706273555756,
      -0.0006334122153930366,
      -0.08899398893117905,
      -0.03567242622375488,
      0.07121435552835464,
      -2.2742270838259565e-33,
      -0.019398611038923264,
      0.11359988898038864,
      0.08492978662252426,
      0.15957289934158325,
      -0.020202727988362312,
      -0.023380357772111893,
      -0.07072687149047852,
      0.018948107957839966,
      -0.029217684641480446,
      0.009761082008481026,
      0.03866555914282799,
      0.060387540608644485,
      0.014906113035976887,
      -0.06499461084604263,
      -0.08128085732460022,
      0.0028172649908810854,
      -0.002391122980043292,
      0.054895397275686264,
      0.019613415002822876,
      -0.026329951360821724,
      0.010049953125417233,
      0.03699050098657608,
      -0.058305688202381134,
      -0.031225480139255524,
      0.08094966411590576,
      -0.06505701690912247,
      0.05753711983561516,
      -0.033087003976106644,
      0.10198894143104553,
      0.03423874080181122,
      0.06418649852275848,
      -0.012038182467222214,
      -0.07555092126131058,
      -0.04791049286723137,
      0.03955733776092529,
      0.027714844793081284,
      -0.015071425586938858,
      -0.14115239679813385,
      6.833086808910593e-05,
      -0.03260878846049309,
      -0.05706275627017021,
      0.08630067110061646,
      0.07958678156137466,
      0.03463590517640114,
      -0.04136193171143532,
      0.01941819116473198,
      0.06629163026809692,
      0.020906122401356697,
      0.0667346715927124,
      0.0746801570057869,
      -0.08751325309276581,
      -0.0525837168097496,
      -0.026632830500602722,
      0.0290924571454525,
      0.027696922421455383,
      -0.04942532256245613,
      0.008804955519735813,
      0.030518434941768646,
      0.01600928232073784,
      0.026184452697634697,
      0.005005129612982273,
      -0.012092030607163906,
      -0.052816104143857956,
      -0.014433060772716999,
      -0.010836428962647915,
      -0.04516397416591644,
      -0.023873917758464813,
      -0.019150054082274437,
      0.08469897508621216,
      -0.02912827581167221,
      -0.06728698313236237,
      0.0072153168730437756,
      0.007145014591515064,
      0.06294052302837372,
      -0.03398072347044945,
      0.06163706257939339,
      -0.06813399493694305,
      -0.013659329153597355,
      -0.07415585219860077,
      0.006361788604408503,
      -0.10528004914522171,
      0.07584822922945023,
      -0.037698473781347275,
      0.04118168726563454,
      0.040201228111982346,
      0.0693729966878891,
      0.09493248909711838,
      -0.053845278918743134,
      0.02234221249818802,
      0.12336894124746323,
      -0.0022397448774427176,
      0.042616914957761765,
      -0.009646125137805939,
      0.07923097908496857,
      -0.05128966271877289,
      -3.74757333604738e-34,
      0.04186667501926422,
      -0.011168453842401505,
      0.003868602681905031,
      0.01311841793358326,
      0.00638548331335187,
      -0.027810117229819298,
      0.002989676082506776,
      0.0231933631002903,
      0.02527455985546112,
      -0.008521067909896374,
      -0.02445598691701889,
      0.020096328109502792,
      0.060450971126556396,
      -0.007998456247150898,
      -0.11762550473213196,
      -0.012078691273927689,
      0.05645608901977539,
      -0.011122350580990314,
      -0.05021800100803375,
      0.00467715272679925,
      -0.039133600890636444,
      0.07811182737350464,
      -0.0818898007273674,
      -0.009554162621498108,
      0.008539103902876377,
      0.033158592879772186,
      0.005451546516269445,
      0.039351776242256165,
      -0.03648548200726509,
      -1.97391927940771e-05,
      0.04062438756227493,
      -0.014665840193629265,
      -0.05380605533719063,
      0.0635782778263092,
      -0.083921879529953,
      0.08476308733224869,
      0.034972917288541794,
      -0.08454081416130066,
      0.061137888580560684,
      0.005952625535428524,
      0.04919515550136566,
      -0.041327252984046936,
      -0.020611513406038284,
      -0.02008996158838272,
      -0.031140536069869995,
      -0.12310148030519485,
      0.025646109133958817,
      0.02015514299273491,
      -0.02266751043498516,
      -0.09907802939414978,
      -0.05942561477422714,
      0.0014242914039641619,
      0.007764901500195265,
      -0.046975813806056976,
      0.008135390467941761,
      0.08806855976581573,
      0.0683068186044693,
      -0.0185539573431015,
      -0.020763015374541283,
      -0.001544838771224022,
      0.056625839322805405,
      0.10383258014917374,
      0.05269613116979599,
      0.027264632284641266,
      0.03163653612136841,
      -0.06717632710933685,
      -0.00758439302444458,
      0.003857625648379326,
      0.01269643846899271,
      -0.08549132943153381,
      -0.04077016934752464,
      -0.024343926459550858,
      -0.027239620685577393,
      -0.0077011133544147015,
      -0.11040401458740234,
      -0.026420583948493004,
      0.0017257868312299252,
      -0.09866689890623093,
      -0.069023497402668,
      0.04182318598031998,
      0.0006758553790859878,
      -0.02205190807580948,
      -0.04881340637803078,
      0.06340125948190689,
      0.012366869486868382,
      0.10103390365839005,
      0.055327605456113815,
      -0.023609790951013565,
      0.07892584800720215,
      -0.06487153470516205,
      -0.0019539007917046547,
      0.01983344741165638,
      -0.04871149733662605,
      -0.01153447013348341,
      0.008008734323084354,
      -3.6805687386731734e-08,
      -0.026014000177383423,
      -0.0119111817330122,
      -0.0003626936813816428,
      0.03076031617820263,
      -0.03780176118016243,
      -0.06427152454853058,
      -0.023098928853869438,
      0.00416847039014101,
      -0.04431186988949776,
      -0.004414224531501532,
      -0.06287193298339844,
      -0.040331944823265076,
      -0.03142724931240082,
      0.021417783573269844,
      0.09859424084424973,
      0.02940734103322029,
      0.012960235588252544,
      0.09204484522342682,
      -0.04423661530017853,
      -0.02902868390083313,
      0.10830965638160706,
      0.06503503769636154,
      0.02714453637599945,
      -0.02151087485253811,
      -0.02713451161980629,
      0.06287882477045059,
      0.03358515724539757,
      -0.037186067551374435,
      -0.038846131414175034,
      0.02081054449081421,
      -0.0166460070759058,
      0.07918338477611542,
      -0.02319219894707203,
      -0.024092603474855423,
      -0.032057520002126694,
      0.04092997685074806,
      0.012900110334157944,
      -0.005965403281152248,
      0.021498234942555428,
      -0.00994765292853117,
      -0.0182581078261137,
      0.005565868224948645,
      0.016270844265818596,
      0.04739857837557793,
      -0.03537437319755554,
      0.017593752592802048,
      0.017194749787449837,
      0.02445576712489128,
      0.012164183892309666,
      -0.0022596868220716715,
      0.035341259092092514,
      -0.04194893687963486,
      0.12160158157348633,
      0.07112901657819748,
      0.03202449902892113,
      0.028761539608240128,
      -0.028495654463768005,
      -0.016473714262247086,
      -0.020429421216249466,
      0.0361863449215889,
      -0.007618272677063942,
      0.03846050798892975,
      -0.017937062308192253,
      -0.013641047291457653
    ],
    "embedding_provider": "SentenceTransformer",
    "embedding_model": "sentence-transformers/all-MiniLM-L6-v2",
    "created_at": "2026-08-05 18:47:59.481398+00:00",
    "embedding_dimension": 384
  },
  {
    "chunk_id": "c513ea38-f2d1-4b31-b18f-12fec9bc1445",
    "embeddings": [
      -0.050298240035772324,
      0.07582461833953857,
      0.04149753972887993,
      0.03703705966472626,
      0.023263713344931602,
      -0.07624945044517517,
      0.059641290456056595,
      0.046071525663137436,
      -0.045283928513526917,
      0.056723035871982574,
      -0.03746017813682556,
      -0.013837809674441814,
      0.021373311057686806,
      0.0002634993870742619,
      0.02083425410091877,
      0.07128678262233734,
      -0.0508325956761837,
      -0.10314801335334778,
      0.012108378112316132,
      -0.033536311239004135,
      -0.03534111753106117,
      -0.011764882132411003,
      -0.024884220212697983,
      0.004250180441886187,
      0.06451058387756348,
      0.1241718977689743,
      0.0251169353723526,
      0.004744376055896282,
      -0.021937450394034386,
      -0.059665847569704056,
      -0.08816289901733398,
      0.054155133664608,
      0.025741644203662872,
      0.03152943402528763,
      -0.05584484711289406,
      -0.018206864595413208,
      0.11124856770038605,
      0.07113420963287354,
      0.002664734609425068,
      -0.016815725713968277,
      -0.028004467487335205,
      -0.08110391348600388,
      0.040516197681427,
      0.006362089421600103,
      0.001654288498684764,
      -0.11054524779319763,
      0.04461124166846275,
      -0.10110019892454147,
      0.019015071913599968,
      0.06322012096643448,
      -0.08705335110425949,
      -0.07622336596250534,
      -0.0662592425942421,
      -0.023090260103344917,
      0.03557126969099045,
      0.03790266439318657,
      0.07057962566614151,
      0.08627490699291229,
      0.005505475215613842,
      -0.011318453587591648,
      -0.02155466563999653,
      -0.06329797208309174,
      -0.047500740736722946,
      0.045065369457006454,
      0.05067798122763634,
      0.002676286268979311,
      -0.03701508790254593,
      0.0009913085959851742,
      -0.03504091501235962,
      -0.005062819924205542,
      -0.041469067335128784,
      0.01061317976564169,
      -0.03000994212925434,
      -0.012936540879309177,
      0.10621452331542969,
      -0.03341704607009888,
      -0.024482427164912224,
      -0.05645521730184555,
      0.07585680484771729,
      -0.051366448402404785,
      0.0651097297668457,
      -0.009069334715604782,
      -0.09109430015087128,
      0.11260678619146347,
      0.02555779367685318,
      -0.039339568465948105,
      -0.0392896793782711,
      -0.010291816666722298,
      -0.0319446362555027,
      -0.06115560978651047,
      0.09113146364688873,
      -0.0390731506049633,
      0.05779508501291275,
      0.04854569956660271,
      -0.0038668522611260414,
      -0.016110187396407127,
      -0.04964562878012657,
      -0.043518129736185074,
      0.012503075413405895,
      -0.016386626288294792,
      -0.011782458983361721,
      0.0244477279484272,
      0.0012434988748282194,
      0.0431840643286705,
      -0.1028682067990303,
      -0.05489025264978409,
      -0.0035546531435102224,
      0.022523999214172363,
      0.007369116879999638,
      -0.01635722629725933,
      -0.023555636405944824,
      0.047078605741262436,
      -0.014234761707484722,
      -0.015606329776346684,
      0.022937214002013206,
      -0.0015440151328220963,
      -0.10487685352563858,
      0.0355922095477581,
      0.020596930757164955,
      0.07471339404582977,
      -0.05794398486614227,
      0.08162906765937805,
      -0.05856383964419365,
      0.0028012110851705074,
      0.0017744883662089705,
      -0.021352171897888184,
      -0.021804887801408768,
      6.418038443371413e-34,
      -0.021435685455799103,
      0.029310647398233414,
      0.03247858211398125,
      0.03956979885697365,
      0.06833724677562714,
      -0.05084351450204849,
      -0.06076428294181824,
      0.061015110462903976,
      -0.038213979452848434,
      0.004489053040742874,
      0.05184280499815941,
      0.17340855300426483,
      0.010378212668001652,
      0.006272133905440569,
      0.04622003808617592,
      -0.007593135349452496,
      -0.04872005060315132,
      0.07513231784105301,
      -0.06675172597169876,
      -0.0064524030312895775,
      0.08354794979095459,
      0.0024849066976457834,
      0.04237285256385803,
      0.07255401462316513,
      0.05176214128732681,
      -0.031767021864652634,
      -3.292101837359951e-06,
      -0.07145289331674576,
      0.04955323040485382,
      0.011786561459302902,
      -0.03766366094350815,
      -0.027160516008734703,
      -0.03998725116252899,
      0.020050276070833206,
      0.0013661819975823164,
      -0.001557868323288858,
      0.054448843002319336,
      -0.11988961696624756,
      0.03212796896696091,
      0.031474947929382324,
      -0.07557405531406403,
      0.046126142144203186,
      0.021771136671304703,
      0.011517469771206379,
      0.017270205542445183,
      0.0016727690817788243,
      0.08747658133506775,
      -0.004637746140360832,
      0.06994626671075821,
      0.0405295193195343,
      -0.09387940913438797,
      -0.02429588884115219,
      0.037731967866420746,
      0.009884695522487164,
      0.0466371551156044,
      0.014987784437835217,
      -0.004735337104648352,
      -0.10904788970947266,
      0.009567183442413807,
      0.02846422605216503,
      -0.02826080471277237,
      0.08208270370960236,
      0.03424454107880592,
      -0.06069765239953995,
      -0.06624536216259003,
      0.06447375565767288,
      0.03229428827762604,
      -0.042168136686086655,
      0.09266354143619537,
      0.017217909917235374,
      -0.05238407477736473,
      -0.03356903791427612,
      -0.043539877980947495,
      -0.03517710790038109,
      0.03335556015372276,
      0.010462656617164612,
      -0.055300623178482056,
      -0.026694392785429955,
      -0.0700322687625885,
      -0.04881756380200386,
      0.016001466661691666,
      -0.020735308527946472,
      -0.004509212914854288,
      -0.011134589090943336,
      0.08663284033536911,
      0.03717127442359924,
      0.04850902408361435,
      -0.10048434883356094,
      -0.017619190737605095,
      0.02274085208773613,
      -0.01790214702486992,
      -0.012348898686468601,
      -0.02966443821787834,
      0.03280159458518028,
      -0.05685504153370857,
      -1.1884353497633908e-33,
      -0.03592050075531006,
      -0.03531936556100845,
      -0.04571124538779259,
      0.10857051610946655,
      0.06732697039842606,
      -0.024947872385382652,
      0.012160650454461575,
      -0.10260680317878723,
      0.055163510143756866,
      0.033213865011930466,
      0.03187178447842598,
      -0.04909289628267288,
      -0.014699575491249561,
      -0.02493414841592312,
      -0.022921545431017876,
      -0.02294379472732544,
      -0.05029306560754776,
      -0.08283071964979172,
      -0.12038310617208481,
      0.030504684895277023,
      -0.03567490726709366,
      0.07992802560329437,
      -0.06125352904200554,
      0.0002849716693162918,
      -0.012704486027359962,
      0.006674870848655701,
      -0.06067785248160362,
      -0.07503417134284973,
      0.07039060443639755,
      0.04876328632235527,
      -0.03174957260489464,
      0.03654901310801506,
      -0.000671201734803617,
      -0.055681612342596054,
      -0.03623001277446747,
      0.05372067168354988,
      0.024679139256477356,
      -0.015394283458590508,
      0.005814269185066223,
      0.008985885418951511,
      0.03663609176874161,
      -0.028083767741918564,
      -0.04250354319810867,
      0.01593192294239998,
      0.008024795912206173,
      -0.006898373831063509,
      -0.01676097884774208,
      0.05214404687285423,
      -0.06344042718410492,
      -0.009388243779540062,
      0.03946208581328392,
      -0.00810600072145462,
      0.043744046241045,
      -0.05080295726656914,
      -0.0073656365275382996,
      0.00996288750320673,
      0.10842309147119522,
      -0.012017963454127312,
      -0.08436829596757889,
      0.02875652350485325,
      -0.01892944984138012,
      0.021105734631419182,
      0.06464509665966034,
      -0.006879894062876701,
      -0.042459309101104736,
      -0.046179138123989105,
      0.07442200183868408,
      0.013164329342544079,
      -0.06302820891141891,
      -0.08025040477514267,
      -0.02584201470017433,
      0.009077563881874084,
      -0.0136743588373065,
      -0.03185710683465004,
      -0.068437360227108,
      0.012884692288935184,
      -0.031511034816503525,
      -0.0515732504427433,
      -0.048929616808891296,
      0.03895263001322746,
      -0.028752479702234268,
      -0.011018755845725536,
      0.04383646696805954,
      -0.019650762900710106,
      -0.035411287099123,
      0.09443658590316772,
      -0.017230922356247902,
      -0.03495814651250839,
      0.008521155454218388,
      -0.0681999921798706,
      -0.08284223079681396,
      -0.05951859802007675,
      -0.11060036718845367,
      0.054396044462919235,
      0.047304850071668625,
      -3.769962830801887e-08,
      0.014713216572999954,
      0.028205471113324165,
      0.04289649799466133,
      0.01005775760859251,
      0.04409519210457802,
      -0.020556705072522163,
      -0.05171189084649086,
      0.1526961326599121,
      0.02264605090022087,
      0.08611521124839783,
      0.037656188011169434,
      -0.04273505136370659,
      -0.03368060663342476,
      0.06809952110052109,
      0.08114492893218994,
      0.0481739416718483,
      0.14055804908275604,
      0.006875540129840374,
      -0.03561525419354439,
      -0.02353525161743164,
      0.040122680366039276,
      0.011389986611902714,
      -0.0756838321685791,
      -0.03496221452951431,
      -0.01635015569627285,
      0.008526207879185677,
      0.014669394120573997,
      0.035268429666757584,
      -0.01265699788928032,
      -0.017999820411205292,
      -0.005978087428957224,
      -0.03353525698184967,
      -0.05383118987083435,
      -0.0045495969243347645,
      0.03289550542831421,
      -0.09818177670240402,
      0.0904884785413742,
      0.010039780288934708,
      0.002737246220931411,
      0.03625776618719101,
      0.0016350147780030966,
      0.0528709813952446,
      -0.02164655551314354,
      0.03865625336766243,
      -0.07026875764131546,
      0.03406747803092003,
      -0.021164290606975555,
      0.027043508365750313,
      0.0006021077861078084,
      0.06483367085456848,
      0.01387126836925745,
      -0.023122519254684448,
      0.021261142566800117,
      0.04334111511707306,
      0.09405205398797989,
      0.11664365231990814,
      -0.028206339105963707,
      -0.012913650833070278,
      -0.11051000654697418,
      0.06439018994569778,
      0.09987495094537735,
      0.03230965882539749,
      -0.09004437178373337,
      -0.0033672808203846216
    ],
    "embedding_provider": "SentenceTransformer",
    "embedding_model": "sentence-transformers/all-MiniLM-L6-v2",
    "created_at": "2026-08-05 18:47:59.481412+00:00",
    "embedding_dimension": 384
  },
  {
    "chunk_id": "a7df23b2-5e29-4261-a26e-033011f07750",
    "embeddings": [
      -0.020516114309430122,
      -0.07254469394683838,
      0.04119980335235596,
      0.028559228405356407,
      -0.04794086888432503,
      -0.133977472782135,
      0.05851788818836212,
      0.01991996169090271,
      -0.14705555140972137,
      0.05157310143113136,
      -0.06070785969495773,
      -0.02432037889957428,
      0.0638294443488121,
      0.013814522884786129,
      -0.0034660552628338337,
      0.0043032728135585785,
      -0.079847052693367,
      -0.06008931249380112,
      0.09153752774000168,
      -0.0882958471775055,
      -0.03656212240457535,
      -0.014613628387451172,
      -0.020546238869428635,
      -0.10187656432390213,
      0.06394719332456589,
      0.06513015180826187,
      0.04690241441130638,
      0.003713674610480666,
      -0.009156870655715466,
      -0.07234860956668854,
      -0.03763493150472641,
      0.0011889401357620955,
      -0.018886977806687355,
      0.02635093964636326,
      -0.04131735861301422,
      0.018929194658994675,
      0.09893873333930969,
      -0.036911461502313614,
      -0.006026537623256445,
      -0.04264041408896446,
      0.0023733163252472878,
      -0.08853378891944885,
      -0.02725273184478283,
      -0.018038373440504074,
      0.0423525869846344,
      -0.041412223130464554,
      0.012967932038009167,
      -0.09364784508943558,
      0.02452562190592289,
      0.0025258350651711226,
      -0.08782761543989182,
      -0.06472425162792206,
      -0.07537312060594559,
      -0.04529817774891853,
      -0.03506459295749664,
      0.054301366209983826,
      0.045327864587306976,
      0.06564579904079437,
      -0.002185727469623089,
      -0.0589798167347908,
      -0.00992470420897007,
      -0.019442766904830933,
      -0.03918144851922989,
      0.05728968605399132,
      0.010305779986083508,
      -6.32762530585751e-05,
      -0.022046582773327827,
      0.041709840297698975,
      0.06845805048942566,
      -0.05417848750948906,
      -0.04412386193871498,
      -0.02028113231062889,
      -0.0602385550737381,
      0.020154345780611038,
      0.05857709422707558,
      -0.048851825296878815,
      0.06316006928682327,
      -0.025564517825841904,
      0.06652170419692993,
      0.011166776530444622,
      0.040090858936309814,
      0.04422828555107117,
      -0.08404628187417984,
      0.0835176631808281,
      -0.034363795071840286,
      -0.018615713343024254,
      -0.02198476903140545,
      0.046905335038900375,
      0.02016802690923214,
      -0.05050579085946083,
      0.14901405572891235,
      -0.03803722560405731,
      0.06334372609853745,
      0.0477522648870945,
      0.007977887988090515,
      -0.022317396476864815,
      -0.045915860682725906,
      -0.06849876791238785,
      0.02782180719077587,
      0.004985233768820763,
      -0.024140741676092148,
      -0.060328707098960876,
      -0.019592657685279846,
      0.030953820794820786,
      -0.05323481559753418,
      0.045882873237133026,
      0.0627676397562027,
      -0.00929767731577158,
      0.003828431013971567,
      -0.001924371812492609,
      -0.0699501782655716,
      0.08582548797130585,
      -0.10805133730173111,
      -0.014375203289091587,
      -0.045566387474536896,
      0.12822134792804718,
      -0.0947330966591835,
      0.03251239284873009,
      0.00910730380564928,
      0.0464341975748539,
      -0.054094888269901276,
      0.0810202807188034,
      -0.07280465960502625,
      -0.044610049575567245,
      0.013396196067333221,
      -0.035610612481832504,
      -0.06134975701570511,
      -1.1134489120855063e-33,
      -0.0013430094113573432,
      0.02575257048010826,
      0.011549309827387333,
      0.036703821271657944,
      0.09236764162778854,
      0.007322028279304504,
      0.030642809346318245,
      0.05113222077488899,
      -0.08021456003189087,
      0.044063858687877655,
      0.03499870374798775,
      0.08100771903991699,
      -0.06067163497209549,
      0.054833635687828064,
      0.06831476837396622,
      0.01438000425696373,
      -0.04449417442083359,
      -0.01344224251806736,
      -0.0014655658742412925,
      -0.03239637613296509,
      0.04219694435596466,
      -0.032485105097293854,
      0.010708839632570744,
      0.04896606132388115,
      0.03431469574570656,
      -0.015675902366638184,
      -0.003206525230780244,
      -0.024681929498910904,
      0.09102191030979156,
      -0.0035691848024725914,
      -0.03514871746301651,
      -0.07454287260770798,
      0.00728590227663517,
      0.027503686025738716,
      0.08805537968873978,
      0.043290045112371445,
      0.011289834976196289,
      -0.06189003959298134,
      0.055746521800756454,
      0.02452344447374344,
      -0.07975747436285019,
      0.04821348935365677,
      0.027352651581168175,
      -0.02716357447206974,
      -0.010673025622963905,
      0.01470660325139761,
      0.09240309149026871,
      -0.04035254195332527,
      0.03222714737057686,
      0.10031695663928986,
      -0.02888513170182705,
      -0.06598266959190369,
      0.02252931334078312,
      0.015868671238422394,
      0.012556099332869053,
      0.04645795002579689,
      0.06013251096010208,
      0.0032400477211922407,
      0.010449699126183987,
      0.034973692148923874,
      -0.06783798336982727,
      0.007245779037475586,
      -0.004344753921031952,
      -0.012166684493422508,
      -0.029980547726154327,
      0.0578310452401638,
      -0.006007134448736906,
      0.004471153486520052,
      0.09212144464254379,
      0.021166684105992317,
      -0.11526428908109665,
      0.0007714366656728089,
      -0.022079983726143837,
      -0.023133747279644012,
      0.006780191790312529,
      -0.007157571148127317,
      -0.07669936120510101,
      -0.0811249241232872,
      0.013844411820173264,
      0.035270899534225464,
      -0.0009210323914885521,
      0.04994121566414833,
      -0.009555000811815262,
      0.029476068913936615,
      0.03670700639486313,
      0.03158940374851227,
      0.006526326294988394,
      0.02034170925617218,
      0.0286512840539217,
      0.05799548700451851,
      0.013376347720623016,
      0.022576887160539627,
      0.013840018771588802,
      0.020015759393572807,
      -0.010432811453938484,
      -5.600837066567163e-34,
      -0.04289190471172333,
      0.019436249509453773,
      -0.0061223432421684265,
      0.11085792630910873,
      0.026796802878379822,
      0.009193247184157372,
      0.04895029589533806,
      -0.06622172892093658,
      0.020634915679693222,
      0.008896959014236927,
      0.002490253420546651,
      -0.020337052643299103,
      0.015178629197180271,
      -0.00021391363407019526,
      -0.052989836782217026,
      -0.04157097637653351,
      -0.09826412796974182,
      -0.024110376834869385,
      -0.05408104136586189,
      0.03471623361110687,
      -0.010518518276512623,
      0.09977196902036667,
      -0.08331121504306793,
      0.021853676065802574,
      -0.02052662894129753,
      -0.027428146451711655,
      0.007950341328978539,
      -0.022254062816500664,
      0.040967248380184174,
      0.010455177165567875,
      0.02112610638141632,
      0.01205150131136179,
      0.02768906205892563,
      0.02132045477628708,
      0.024657733738422394,
      -0.01680733822286129,
      0.10923361033201218,
      0.00845889002084732,
      -0.025658804923295975,
      0.05023707076907158,
      0.03930063918232918,
      -0.04753251373767853,
      -0.009110014885663986,
      -0.03324469178915024,
      -0.00711944280192256,
      0.009456999599933624,
      0.03405354917049408,
      0.02740105800330639,
      -0.060586463660001755,
      -0.05267661064863205,
      0.011867878027260303,
      -0.035080086439847946,
      0.031523752957582474,
      -0.05334105342626572,
      0.037236668169498444,
      -0.010147975757718086,
      0.05982187017798424,
      -0.046464741230010986,
      -0.029843805357813835,
      0.008549106307327747,
      0.03101201169192791,
      -0.011183900758624077,
      0.07434838265180588,
      -0.012621313333511353,
      0.02001630887389183,
      -0.0372900515794754,
      -0.003101059701293707,
      0.09843726456165314,
      -0.13293415307998657,
      -0.028868384659290314,
      -0.05277284234762192,
      0.023778293281793594,
      0.025149408727884293,
      -0.13897927105426788,
      -0.02065901644527912,
      -0.1153898537158966,
      -0.10021889954805374,
      -0.02795400843024254,
      -0.014324265532195568,
      0.01757190376520157,
      -0.0059739467687904835,
      -0.017079494893550873,
      -0.028673971071839333,
      0.03412751853466034,
      0.001972934929654002,
      0.14790403842926025,
      0.030588198453187943,
      -0.09760689735412598,
      0.03988605737686157,
      -0.0907691940665245,
      -0.12159768491983414,
      0.012967637740075588,
      -0.020299473777413368,
      0.009446808136999607,
      -0.012287715449929237,
      -3.2263923088748925e-08,
      -0.020860956981778145,
      0.02153804711997509,
      -0.02863599918782711,
      0.03646969795227051,
      0.03351491689682007,
      0.08897209912538528,
      -0.10774509608745575,
      0.08957917243242264,
      0.024955203756690025,
      0.040489282459020615,
      -0.01274318341165781,
      -0.057627368718385696,
      -0.010067382827401161,
      0.018593039363622665,
      0.09727606922388077,
      0.05568379908800125,
      0.1016758382320404,
      0.04057047516107559,
      0.02166689932346344,
      -0.016875486820936203,
      0.07122582942247391,
      0.0023119731340557337,
      -0.023492468520998955,
      0.016093872487545013,
      -0.005380022805184126,
      -0.022134168073534966,
      0.03026251308619976,
      0.05954420194029808,
      -0.025408335030078888,
      0.016839416697621346,
      -0.004347118083387613,
      -0.0774952843785286,
      -0.02255658432841301,
      -0.020483417436480522,
      0.02922273986041546,
      -0.08363481611013412,
      0.10801348090171814,
      -0.005858545191586018,
      0.06740088760852814,
      0.0260030347853899,
      -0.047255076467990875,
      0.07681003212928772,
      -0.01748027093708515,
      0.0028484086506068707,
      -0.0918269008398056,
      0.032020069658756256,
      -0.050337053835392,
      -0.03580646961927414,
      0.026215415447950363,
      0.059810057282447815,
      0.06654267013072968,
      -0.061214517802000046,
      -0.021893411874771118,
      0.03146037086844444,
      0.07351948320865631,
      0.04682387411594391,
      0.03297513350844383,
      -0.01716403290629387,
      -0.08932232111692429,
      0.07942256331443787,
      0.011967076919972897,
      -0.04097922891378403,
      -0.07439114898443222,
      0.03387147933244705
    ],
    "embedding_provider": "SentenceTransformer",
    "embedding_model": "sentence-transformers/all-MiniLM-L6-v2",
    "created_at": "2026-08-05 18:47:59.481433+00:00",
    "embedding_dimension": 384
  },
  {
    "chunk_id": "88909db7-5e87-45a9-9ef6-e0d7716b0dee",
    "embeddings": [
      -0.06812335550785065,
      -0.007019795943051577,
      -0.023131290450692177,
      0.056539978832006454,
      0.040093351155519485,
      -0.06288481503725052,
      0.07455538213253021,
      0.04156436398625374,
      -0.07539446651935577,
      -0.019733158871531487,
      -0.12370844930410385,
      -0.03121309168636799,
      0.01800147257745266,
      0.04278139770030975,
      -0.04230041056871414,
      0.08073960989713669,
      -0.0036303820088505745,
      -0.013637619093060493,
      0.03693787008523941,
      -0.1258159726858139,
      0.00019830118981190026,
      -0.038876406848430634,
      0.011452659964561462,
      -0.02039111778140068,
      0.04909149929881096,
      0.051846642047166824,
      0.0771537497639656,
      0.023420104756951332,
      0.0020037575159221888,
      -0.021365776658058167,
      -0.043926794081926346,
      0.030806301161646843,
      0.015242385677993298,
      -0.00210409052670002,
      -0.017031902447342873,
      0.05577823147177696,
      0.0343179777264595,
      0.058248426765203476,
      0.01995888724923134,
      -0.03983495756983757,
      -0.04644034057855606,
      -0.08238338679075241,
      0.011095342226326466,
      -0.028071310371160507,
      0.06990259885787964,
      -0.05712958425283432,
      0.029369113966822624,
      0.004048822447657585,
      -0.011030592024326324,
      0.055748362094163895,
      -0.1429104506969452,
      -0.07735584676265717,
      -0.025192266330122948,
      -0.03301158919930458,
      -0.06148686632514,
      0.04005466029047966,
      -0.001281005679629743,
      0.019214602187275887,
      0.039036717265844345,
      -0.07139793038368225,
      0.05355086177587509,
      -0.04890545830130577,
      -0.0624595582485199,
      0.002426376799121499,
      0.013101570308208466,
      0.06352180987596512,
      -0.07212939858436584,
      0.09567905217409134,
      -0.020399341359734535,
      -0.047022294253110886,
      0.029282165691256523,
      0.025318371132016182,
      -0.10164986550807953,
      0.0096827307716012,
      0.03428109735250473,
      -0.040542032569646835,
      0.027660850435495377,
      -0.044654931873083115,
      0.04012873023748398,
      -0.03916550427675247,
      -0.023561585694551468,
      -0.03903885558247566,
      -0.06905008107423782,
      0.093157097697258,
      0.021416164934635162,
      -0.018136225640773773,
      0.03163514286279678,
      0.020710937678813934,
      -0.02688249945640564,
      0.001663821516558528,
      0.07087477296590805,
      -0.059217896312475204,
      0.009851994924247265,
      0.00015402957797050476,
      0.048728518187999725,
      0.005348852835595608,
      -0.013339171186089516,
      -0.061867233365774155,
      -0.014331145212054253,
      0.017350774258375168,
      -0.06944466382265091,
      0.0007489550043828785,
      0.016060084104537964,
      -0.03863676264882088,
      -0.0376763753592968,
      0.03618575632572174,
      0.012957693077623844,
      0.013022119179368019,
      0.05157278850674629,
      0.006095813121646643,
      -0.047396693378686905,
      -0.00867155846208334,
      -0.05576130375266075,
      -0.0397954098880291,
      0.07980596274137497,
      -0.018570538610219955,
      -0.07770738005638123,
      -0.02438857965171337,
      -0.0626947432756424,
      0.0894729495048523,
      -0.07597428560256958,
      0.13314077258110046,
      -0.0004305246111471206,
      -0.023270171135663986,
      0.006380923558026552,
      -0.02102476730942726,
      -0.11250216513872147,
      7.09592491332651e-34,
      -0.012864534743130207,
      0.022067811340093613,
      0.035313669592142105,
      0.04592140018939972,
      0.03902015835046768,
      -0.06972889602184296,
      -0.015568766742944717,
      0.09175154566764832,
      -0.004673099145293236,
      0.029621221125125885,
      0.07111689448356628,
      0.09041793644428253,
      0.017270520329475403,
      0.05572648346424103,
      0.1029672920703888,
      0.01138060912489891,
      -0.017161061987280846,
      -0.004017667379230261,
      0.010256233625113964,
      -0.013617235235869884,
      0.020075522363185883,
      -0.05524187162518501,
      0.013561039231717587,
      0.005065662786364555,
      0.03115662932395935,
      0.04154779389500618,
      0.08949024230241776,
      0.04511537402868271,
      0.048985518515110016,
      0.032651033252477646,
      0.04108241945505142,
      0.014526275917887688,
      -0.056437041610479355,
      0.02759934961795807,
      -0.0393405556678772,
      0.021714072674512863,
      -0.027192838490009308,
      -0.10689832270145416,
      0.05614865943789482,
      0.07570275664329529,
      -0.10318673402070999,
      0.0038290119264274836,
      0.0548703595995903,
      -0.02439398318529129,
      -0.028119560331106186,
      0.030064782127738,
      0.06140622869133949,
      0.015465512871742249,
      0.03483990207314491,
      0.04635317623615265,
      -0.022075269371271133,
      -0.018859587609767914,
      -0.06878683716058731,
      0.0303967222571373,
      0.03266467899084091,
      0.032146647572517395,
      0.008174641989171505,
      -0.053527697920799255,
      0.044218819588422775,
      0.0416068434715271,
      -0.009599228389561176,
      0.007415562868118286,
      -0.029838772490620613,
      -0.022291047498583794,
      -0.11036348342895508,
      0.0844915583729744,
      0.03601808473467827,
      0.02962050773203373,
      0.07243280112743378,
      0.002656257711350918,
      -0.029217194765806198,
      -0.006392676383256912,
      0.05301889777183533,
      -0.059288203716278076,
      0.018673449754714966,
      0.017265930771827698,
      -0.04787621647119522,
      0.04736802354454994,
      -0.028073230758309364,
      0.08757013827562332,
      0.0336439311504364,
      -0.010247615166008472,
      0.1033385619521141,
      -0.022418810054659843,
      -0.015918660908937454,
      0.01365684438496828,
      0.028816629201173782,
      -0.0493314266204834,
      -0.039785537868738174,
      0.05898125097155571,
      -0.06359098106622696,
      0.05762175843119621,
      -0.06640969961881638,
      0.020838523283600807,
      -0.034972865134477615,
      -6.777998690822199e-34,
      -0.09511879086494446,
      -0.004375365562736988,
      -0.02904360741376877,
      0.06309488415718079,
      0.08839540928602219,
      0.03415471315383911,
      -0.053669147193431854,
      -0.10077934712171555,
      0.03416323661804199,
      0.021734187379479408,
      -0.03206899017095566,
      -0.04706288129091263,
      -0.06088295578956604,
      -2.5661096515250392e-05,
      -0.06253896653652191,
      -0.027401233091950417,
      -0.03844527527689934,
      -0.11067403107881546,
      -0.04048129916191101,
      0.008240832015872002,
      -0.07604203373193741,
      0.09674803167581558,
      -0.06236347183585167,
      0.002421561162918806,
      0.03518570214509964,
      -0.01340515911579132,
      -0.05132567137479782,
      -0.04211670905351639,
      0.01886213757097721,
      -0.01764717325568199,
      -0.014632174745202065,
      -0.018754808232188225,
      -0.04519306868314743,
      -0.04309150204062462,
      -0.028662264347076416,
      0.019652750343084335,
      0.028898555785417557,
      -0.0857224389910698,
      0.04010573402047157,
      0.001600591465830803,
      0.1057712510228157,
      -0.012785056605935097,
      -0.056480348110198975,
      -0.08194100111722946,
      -0.024372702464461327,
      -0.02065509371459484,
      -0.08609011024236679,
      0.0545102097094059,
      0.022423963993787766,
      -0.030081452801823616,
      0.01158615481108427,
      0.0601794496178627,
      -0.02953716181218624,
      -0.07732300460338593,
      -0.017528187483549118,
      0.018873430788517,
      0.1033586859703064,
      -0.04068304970860481,
      0.04833219200372696,
      0.06983786076307297,
      -0.05545097216963768,
      -0.0036972761154174805,
      0.11260371655225754,
      0.03643972799181938,
      0.002577555598691106,
      -0.036843057721853256,
      0.01534264162182808,
      0.04856550320982933,
      -0.016727976500988007,
      -0.08918623626232147,
      -0.004129486624151468,
      0.03802767023444176,
      -0.00068752805236727,
      0.019255025312304497,
      -0.09899915009737015,
      -0.013676849193871021,
      -0.042632266879081726,
      0.016764134168624878,
      -0.02168302796781063,
      0.016144221648573875,
      0.025402046740055084,
      -0.008886545896530151,
      0.04813016206026077,
      0.003478743601590395,
      0.01526219118386507,
      0.046456336975097656,
      0.01798488199710846,
      -0.05060538649559021,
      -0.02064531482756138,
      -0.016683097928762436,
      -0.12100420892238617,
      0.036299046128988266,
      -0.06344109773635864,
      0.052079297602176666,
      -0.00566803989931941,
      -3.8511224431658775e-08,
      -0.02268347330391407,
      0.04519040882587433,
      0.06568268686532974,
      0.038436781615018845,
      -0.021037966012954712,
      -0.003282224526628852,
      -0.08805545419454575,
      0.10332448035478592,
      0.028518788516521454,
      0.06134088337421417,
      0.01535023469477892,
      -0.0634780302643776,
      -0.09622571617364883,
      0.13287733495235443,
      0.03470035269856453,
      -0.025105250999331474,
      0.07676956802606583,
      0.012770753353834152,
      -0.0057830605655908585,
      -0.029642827808856964,
      0.17369922995567322,
      0.0886346846818924,
      -0.012326198630034924,
      0.008292644284665585,
      0.07396174967288971,
      -0.04861307889223099,
      -0.0069590164348483086,
      0.018281878903508186,
      -0.05478861927986145,
      0.05332452058792114,
      -0.00377623806707561,
      0.03866086155176163,
      0.01711955852806568,
      -0.07895883917808533,
      0.10947740077972412,
      0.002094149822369218,
      0.08563417196273804,
      -0.007964660413563251,
      0.0011666768696159124,
      0.022819405421614647,
      -0.042964447289705276,
      0.05227050185203552,
      -0.02059589885175228,
      -0.011591831222176552,
      -0.008223546668887138,
      -0.0458325520157814,
      -0.034445054829120636,
      -0.04893474653363228,
      0.009401709772646427,
      0.01745283417403698,
      -0.007327756844460964,
      0.028107700869441032,
      0.024633774533867836,
      0.013918796554207802,
      0.11144433915615082,
      0.05024797469377518,
      0.009678437374532223,
      -0.09676916152238846,
      -0.07094897329807281,
      0.050892170518636703,
      0.016275933012366295,
      0.016784286126494408,
      -0.07875387370586395,
      0.0541815459728241
    ],
    "embedding_provider": "SentenceTransformer",
    "embedding_model": "sentence-transformers/all-MiniLM-L6-v2",
    "created_at": "2026-08-05 18:47:59.481449+00:00",
    "embedding_dimension": 384
  },
  {
    "chunk_id": "2f13f9fd-0b26-4460-96d3-70d81215d7da",
    "embeddings": [
      0.041659876704216,
      -0.0447738878428936,
      0.1006031483411789,
      0.0632275640964508,
      0.0021867873147130013,
      -0.005328172817826271,
      0.11120778322219849,
      0.05003686249256134,
      -0.04300371930003166,
      -0.028195660561323166,
      -0.05970205366611481,
      -0.03140658140182495,
      -0.030118484050035477,
      -0.008383146487176418,
      0.0020047652069479227,
      0.08108785003423691,
      -0.06129203364253044,
      -0.024998314678668976,
      -0.0952901616692543,
      -0.09667270630598068,
      -0.03039589151740074,
      0.006688857916742563,
      0.017106112092733383,
      -0.07570905238389969,
      -0.03525067865848541,
      0.04946326091885567,
      0.06666173040866852,
      -0.03471571207046509,
      0.030500032007694244,
      -0.06805028766393661,
      -0.020736349746584892,
      0.015485893003642559,
      0.04556272551417351,
      0.017855076119303703,
      0.030026255175471306,
      0.03716030716896057,
      0.0033360698726028204,
      0.03488423302769661,
      0.05994074046611786,
      0.014841192401945591,
      -0.022264663130044937,
      -0.05650581419467926,
      -0.02439086139202118,
      -0.03246697783470154,
      0.043187957257032394,
      -0.09282275289297104,
      0.03295031189918518,
      -0.04792442545294762,
      0.034706052392721176,
      -0.023582823574543,
      -0.15861645340919495,
      -0.05562562867999077,
      -0.025285111740231514,
      0.0018274645553901792,
      0.0018557074945420027,
      -0.0011056673247367144,
      0.013300664722919464,
      0.038223493844270706,
      -0.05587860941886902,
      0.008229358121752739,
      0.04387887567281723,
      -0.023366397246718407,
      -0.05601847171783447,
      0.054298922419548035,
      0.026967953890562057,
      -0.03804760426282883,
      -0.04175606369972229,
      -0.002690924098715186,
      -0.08959783613681793,
      -0.0267921295017004,
      -0.04601505398750305,
      -0.004825943615287542,
      -0.06972979009151459,
      0.02872265689074993,
      0.0033549016807228327,
      -0.034276001155376434,
      0.02076849527657032,
      -0.06870757043361664,
      0.10200218856334686,
      0.00202388153411448,
      0.07379848510026932,
      -0.047959014773368835,
      -0.1101817935705185,
      0.04017306864261627,
      -0.040683381259441376,
      -0.027508223429322243,
      -0.023617345839738846,
      -0.04501739516854286,
      -0.0148474657908082,
      0.02865396812558174,
      0.10573750734329224,
      -0.04040456935763359,
      0.040398143231868744,
      0.0502353310585022,
      -0.021754559129476547,
      0.009151952341198921,
      -0.037840016186237335,
      -0.020688708871603012,
      0.018025418743491173,
      0.030085964128375053,
      -0.0052679674699902534,
      -0.06261467188596725,
      0.02297910302877426,
      0.08700483292341232,
      -0.11953199654817581,
      -0.0027442078571766615,
      -0.033871445804834366,
      0.024829545989632607,
      -0.004642074462026358,
      -0.018582863733172417,
      -0.04234661906957626,
      0.007796784862875938,
      -0.06871902197599411,
      0.01900831051170826,
      0.028875600546598434,
      0.004339602310210466,
      -0.1135977953672409,
      0.03637752681970596,
      0.10592035204172134,
      0.03712458908557892,
      -0.07245640456676483,
      0.1399550437927246,
      -0.04694988951086998,
      0.00538832088932395,
      0.0040081399492919445,
      -0.005110722966492176,
      -0.009129684418439865,
      -3.001640436859058e-33,
      0.005197061691433191,
      0.011308344081044197,
      -0.008963758125901222,
      0.12322064489126205,
      0.04027091711759567,
      -0.0156694445759058,
      -0.07625763863325119,
      0.019805336371064186,
      -0.04638661444187164,
      0.03558349609375,
      0.0106744896620512,
      0.05371712148189545,
      -0.014108805917203426,
      -0.02714264765381813,
      -0.027609704062342644,
      0.0363534614443779,
      -0.00869899895042181,
      0.07721322774887085,
      -0.08339545875787735,
      0.020727001130580902,
      0.027749093249440193,
      0.04811680689454079,
      0.02593836933374405,
      -0.017277240753173828,
      0.0211312435567379,
      -0.05756648629903793,
      0.09521785378456116,
      -0.07746513932943344,
      0.07816530019044876,
      -0.006081374362111092,
      -0.023929068818688393,
      -0.04828496277332306,
      -0.05103815346956253,
      0.04503342881798744,
      0.06959701329469681,
      -0.0006469669169746339,
      0.019967777654528618,
      -0.0678747221827507,
      0.04896796494722366,
      -0.053064409643411636,
      -0.0881793275475502,
      0.045463934540748596,
      0.018377700820565224,
      0.024669747799634933,
      0.04845685511827469,
      -0.07345707714557648,
      0.04948244243860245,
      0.02937917597591877,
      0.017928069457411766,
      0.07445459067821503,
      -0.0725908875465393,
      -0.035444557666778564,
      0.049939535558223724,
      -0.008743011392652988,
      0.0968901738524437,
      0.0335022509098053,
      0.022471822798252106,
      -0.05884908512234688,
      0.014636872336268425,
      0.0012067656498402357,
      -0.00023219623835757375,
      0.07079733908176422,
      -0.02950337529182434,
      -0.013868785463273525,
      -0.06094091385602951,
      0.03450039029121399,
      0.03269476443529129,
      -0.004945546854287386,
      0.14508019387722015,
      -0.022957313805818558,
      -0.07922519743442535,
      -0.03811154142022133,
      0.01578420400619507,
      0.02495308220386505,
      0.014106960967183113,
      0.004848290700465441,
      -0.09222837537527084,
      -0.012270025908946991,
      0.0773545354604721,
      0.03720040246844292,
      0.09211255609989166,
      -0.01911552995443344,
      -0.0028599270153790712,
      0.05723746120929718,
      0.0070922947488725185,
      -0.009487751871347427,
      0.01753961481153965,
      -0.05758104473352432,
      0.04449828341603279,
      0.0521012619137764,
      -0.07464389503002167,
      -0.03794490918517113,
      -0.009782962501049042,
      0.11663413792848587,
      -0.0353887602686882,
      4.3835022341065543e-35,
      -0.03739750757813454,
      -0.054171785712242126,
      0.021102502942085266,
      0.014153391122817993,
      0.0631864070892334,
      -0.02304857410490513,
      0.10336045175790787,
      -0.10719987750053406,
      0.07329806685447693,
      0.031909000128507614,
      0.05341814458370209,
      -0.0025467604864388704,
      0.05649198591709137,
      0.01463443785905838,
      -0.06253936141729355,
      -0.009360983036458492,
      -0.046009890735149384,
      -0.02841230109333992,
      -0.036991946399211884,
      0.006683534476906061,
      -0.025698194280266762,
      0.03451161086559296,
      -0.08268971741199493,
      0.042341019958257675,
      0.04204627871513367,
      -0.02877354435622692,
      -0.050069659948349,
      -0.05422624945640564,
      0.010046604089438915,
      0.04960319772362709,
      -0.004057743586599827,
      -0.058156922459602356,
      -0.0012422535801306367,
      0.031881313771009445,
      -0.05554347112774849,
      0.017048239707946777,
      0.025831423699855804,
      -0.12034226208925247,
      0.01239172276109457,
      0.05480695888400078,
      0.050763484090566635,
      -0.02624940499663353,
      0.013533965684473515,
      -0.07010755687952042,
      0.009445452131330967,
      0.0025944469962269068,
      -0.003160753520205617,
      -0.007671871688216925,
      -0.03707640618085861,
      -0.018352365121245384,
      0.0034931630361825228,
      0.002962219063192606,
      0.027541743591427803,
      -0.018987594172358513,
      -0.006260294001549482,
      0.04684862494468689,
      0.09214199334383011,
      -0.08249222487211227,
      0.028650421649217606,
      0.0005947005702182651,
      0.07168193906545639,
      0.06818852573633194,
      0.10978871583938599,
      -0.021233709529042244,
      -0.012424780055880547,
      -0.01762627623975277,
      0.029009902849793434,
      0.0738409236073494,
      -0.12982210516929626,
      -0.1281917691230774,
      -0.020482394844293594,
      -0.036570560187101364,
      -0.001619648071937263,
      -0.0394534170627594,
      -0.07441326230764389,
      0.014373516663908958,
      -0.01795537956058979,
      -0.11740732938051224,
      -0.0334688201546669,
      0.002546810545027256,
      -0.034067507833242416,
      -0.04250374063849449,
      -0.011571052484214306,
      0.02988618053495884,
      0.02635776251554489,
      0.0642184391617775,
      -0.029662316665053368,
      -0.026463624089956284,
      0.06397451460361481,
      -0.06449928134679794,
      -0.06639612466096878,
      -0.014995158649981022,
      -0.0929943099617958,
      -0.008427813649177551,
      -0.061852291226387024,
      -4.276348164466981e-08,
      -0.05149707943201065,
      0.008565154857933521,
      -0.030485350638628006,
      -0.0036092884838581085,
      0.04516497254371643,
      -0.0816509798169136,
      -0.08799814432859421,
      0.008158078417181969,
      0.07513008266687393,
      0.030235465615987778,
      0.02446121536195278,
      -0.06753133982419968,
      -0.08235198259353638,
      0.03766653686761856,
      0.0639200434088707,
      0.005576814524829388,
      -0.007268245331943035,
      0.004417207092046738,
      0.06435541063547134,
      -0.03829995170235634,
      0.10565146058797836,
      0.004976498894393444,
      -0.056171517819166183,
      0.039981596171855927,
      3.6879803246847587e-06,
      0.013828589580953121,
      -0.0732937827706337,
      0.024786341935396194,
      -0.08550409972667694,
      -0.041731663048267365,
      0.06737851351499557,
      0.07661627233028412,
      -0.0072520882822573185,
      0.0009715859196148813,
      0.027447419241070747,
      0.03484597057104111,
      0.04321596026420593,
      0.01734190806746483,
      -0.039990585297346115,
      0.0314403735101223,
      -0.06162797659635544,
      0.029206397011876106,
      0.011029010638594627,
      0.045582834631204605,
      0.0490860752761364,
      0.030180370435118675,
      -0.006905582267791033,
      0.005461962427943945,
      0.017663883045315742,
      0.04918351769447327,
      -0.0008229025406762958,
      -0.06027615815401077,
      0.04522712528705597,
      0.0016001755138859153,
      0.07969550788402557,
      0.08417012542486191,
      0.028720460832118988,
      0.02541976049542427,
      -0.12165475636720657,
      0.05489940196275711,
      0.03441634029150009,
      0.023505479097366333,
      -0.0669417530298233,
      0.005408199038356543
    ],
    "embedding_provider": "SentenceTransformer",
    "embedding_model": "sentence-transformers/all-MiniLM-L6-v2",
    "created_at": "2026-08-05 18:47:59.481461+00:00",
    "embedding_dimension": 384
  },
  {
    "chunk_id": "4235f59f-8be0-43bc-95d3-fe5fb2b64e9d",
    "embeddings": [
      -0.001406536321155727,
      -0.021974660456180573,
      -0.031319860368967056,
      0.01344320084899664,
      -0.019018547609448433,
      0.013137519359588623,
      0.0055579449981451035,
      0.0018239879282191396,
      -0.036267880350351334,
      -0.05596132203936577,
      -0.04459886625409126,
      0.05146699398756027,
      0.014145133085548878,
      -0.018350791186094284,
      -0.08111558109521866,
      0.022457659244537354,
      -0.015889419242739677,
      -0.020398970693349838,
      0.06292714178562164,
      -0.08341720700263977,
      -0.06936296075582504,
      0.06087604910135269,
      0.05835052579641342,
      -0.031005550175905228,
      0.10727974772453308,
      0.009686770848929882,
      0.016835901886224747,
      0.03402579948306084,
      0.003813045332208276,
      -0.030774220824241638,
      -0.05725608393549919,
      0.06242738291621208,
      0.03832542523741722,
      -0.01484347227960825,
      -0.09038113057613373,
      0.05051370710134506,
      0.026419198140501976,
      0.03051695227622986,
      0.02906937710940838,
      -0.00023875226906966418,
      -0.06206468120217323,
      -0.07015588879585266,
      0.03881531208753586,
      0.002731029875576496,
      0.044841162860393524,
      0.051965001970529556,
      -0.006606771610677242,
      -0.01603100448846817,
      -0.0066200923174619675,
      0.09691109508275986,
      -0.04424883797764778,
      0.029260268434882164,
      -0.0026972268242388964,
      -0.03350938856601715,
      0.017625266686081886,
      0.10887009650468826,
      -0.016408903524279594,
      0.06762327253818512,
      -0.11105766892433167,
      -0.043031852692365646,
      -0.050095733255147934,
      -0.06948086619377136,
      -0.08496224880218506,
      0.05291416868567467,
      -0.006673592608422041,
      0.03786853328347206,
      -0.011498818174004555,
      0.0058723995462059975,
      -0.024780036881566048,
      -0.09027346968650818,
      -0.04324624687433243,
      -0.018405117094516754,
      -0.046810004860162735,
      0.04422641918063164,
      0.07659347355365753,
      -0.01617882028222084,
      0.08069223165512085,
      -0.015788983553647995,
      -0.049855008721351624,
      -0.055972620844841,
      0.08193891495466232,
      0.012332196347415447,
      -0.09348949044942856,
      0.06168047711253166,
      0.021560609340667725,
      -0.050872575491666794,
      0.0054795448668301105,
      -0.04255649447441101,
      -0.024195462465286255,
      0.010944767855107784,
      0.11010958254337311,
      -0.09186738729476929,
      0.020065762102603912,
      -0.003808532375842333,
      0.051653504371643066,
      0.024005118757486343,
      -0.040349945425987244,
      0.03051239624619484,
      0.022845422849059105,
      0.022306183353066444,
      0.022123001515865326,
      -0.00934495311230421,
      -0.02160896733403206,
      -0.015917321667075157,
      -0.018977679312229156,
      -0.06537517160177231,
      0.04950185492634773,
      0.026072954759001732,
      0.08444728702306747,
      0.0027598815504461527,
      -0.008899622596800327,
      0.006297258194535971,
      -0.024059167131781578,
      0.009541905485093594,
      0.06795165687799454,
      -0.009141066111624241,
      -0.059831403195858,
      0.007599065080285072,
      0.10123783349990845,
      0.08327125757932663,
      -0.019333049654960632,
      0.07971774786710739,
      -0.019153056666254997,
      -0.03613099455833435,
      -0.059300683438777924,
      -0.039974018931388855,
      0.02263706736266613,
      -4.927057388164755e-33,
      -0.00017434412438888103,
      0.050502222031354904,
      -0.010044600814580917,
      0.014927849173545837,
      -0.013874471187591553,
      0.014113702811300755,
      -0.1312262862920761,
      -0.013685040175914764,
      -0.03021101839840412,
      -0.03574459254741669,
      -0.006094187498092651,
      0.12351170182228088,
      -0.036593299359083176,
      0.004987898748368025,
      -0.004418192431330681,
      0.06894512474536896,
      -0.11262447386980057,
      0.1276661902666092,
      0.0009904729668051004,
      -0.009254301898181438,
      0.03485003486275673,
      0.03541403263807297,
      0.05111296847462654,
      -0.057409826666116714,
      0.03701428696513176,
      -0.05494624003767967,
      0.06340289115905762,
      0.0020238475408405066,
      -0.0013891595881432295,
      0.001649572979658842,
      -0.092927485704422,
      -0.03234470635652542,
      -0.0859140083193779,
      -0.1113523319363594,
      0.04571032151579857,
      0.08394308388233185,
      0.04837043210864067,
      -0.1433715671300888,
      0.042107123881578445,
      0.008111146278679371,
      -0.0635761246085167,
      0.019202742725610733,
      0.02030378393828869,
      -0.03296102583408356,
      -0.03531108424067497,
      -0.050787486135959625,
      -0.015890251845121384,
      -0.020606348291039467,
      0.004885610193014145,
      0.12461411952972412,
      -0.021036982536315918,
      -0.09034601598978043,
      -0.0006049994844943285,
      -0.007687526289373636,
      -0.05621720105409622,
      0.0384431853890419,
      0.039545830339193344,
      -0.03898981213569641,
      0.00723412586376071,
      0.004332763608545065,
      0.026669209823012352,
      -0.010840337723493576,
      0.05583210289478302,
      -0.04311678186058998,
      -0.0454670712351799,
      0.08300868421792984,
      -0.013604292646050453,
      0.02009473368525505,
      0.06364919990301132,
      0.037396304309368134,
      -0.03297605365514755,
      -0.029847171157598495,
      -0.0236738920211792,
      -0.004350291099399328,
      -0.006825009360909462,
      0.03087746724486351,
      -0.033829476684331894,
      -0.008970274589955807,
      0.0517597571015358,
      0.030132345855236053,
      -0.03817526251077652,
      -0.004904438275843859,
      -0.08816339075565338,
      -0.03371962532401085,
      0.0864846482872963,
      0.03745552524924278,
      0.08551614731550217,
      -0.08728421479463577,
      0.04240258410573006,
      -0.01222435012459755,
      -0.009687257930636406,
      -0.022764723747968674,
      -0.0019317647675052285,
      0.037629056721925735,
      -0.09712755680084229,
      2.5636582212403817e-33,
      -0.0481620617210865,
      -0.030280226841568947,
      -0.032098691910505295,
      0.08878085762262344,
      -0.03416971117258072,
      -0.0695081278681755,
      0.026451077312231064,
      0.004090095404535532,
      -0.04278514161705971,
      -0.005737716797739267,
      0.048834946006536484,
      -0.02355688251554966,
      0.04836134612560272,
      -0.06677350401878357,
      0.006380527745932341,
      -0.002987600164487958,
      0.008117456920444965,
      -0.06912645697593689,
      -0.04234418645501137,
      0.03204775229096413,
      -0.010077636688947678,
      0.008624859154224396,
      -0.05772541090846062,
      0.017383040860295296,
      -0.029742170125246048,
      -0.019630515947937965,
      -0.02894839271903038,
      -0.07035734504461288,
      -0.013388487510383129,
      -0.055982910096645355,
      -0.013335519470274448,
      0.03270598500967026,
      -0.0009452553349547088,
      0.031069837510585785,
      -0.0382796935737133,
      0.11499551683664322,
      0.07596316188573837,
      -0.05005289241671562,
      0.019266998395323753,
      -0.0019930049311369658,
      0.06919878721237183,
      0.06104942783713341,
      -0.06176118180155754,
      -0.04260626062750816,
      -0.015509543940424919,
      0.034470733255147934,
      -0.08588911592960358,
      0.04006483033299446,
      0.020382845774292946,
      0.005626434460282326,
      0.10796792060136795,
      0.044676266610622406,
      0.030315417796373367,
      -0.01059897430241108,
      -0.03709708899259567,
      0.041248057037591934,
      -0.0020576815586537123,
      -0.010346036404371262,
      -0.06576289981603622,
      0.0828457847237587,
      -0.05582652613520622,
      0.08644099533557892,
      0.0009953004773706198,
      -0.05736391991376877,
      -0.0068534016609191895,
      -0.00540761835873127,
      0.017913484945893288,
      -0.00702567957341671,
      -0.06823331117630005,
      -0.04218307510018349,
      0.008704875595867634,
      0.010094854980707169,
      -0.04588121175765991,
      -0.008928623050451279,
      -0.06966482102870941,
      -0.010789393447339535,
      0.003889764891937375,
      0.025737226009368896,
      -0.07428067177534103,
      0.03014915995299816,
      -0.03512326255440712,
      -0.04917607456445694,
      0.06214813143014908,
      0.04253680631518364,
      -0.03162538632750511,
      0.08848454803228378,
      -0.03902570903301239,
      0.006747351493686438,
      0.03965069726109505,
      -0.02490466833114624,
      -0.027597609907388687,
      0.04557487368583679,
      -0.13633331656455994,
      0.02244235947728157,
      -0.040895044803619385,
      -4.274852116736838e-08,
      -0.05726810544729233,
      0.04717101901769638,
      0.03360000625252724,
      0.013593923300504684,
      -0.06914679706096649,
      -0.07192213833332062,
      -0.034250810742378235,
      0.08678586035966873,
      -0.07164984196424484,
      -0.04228343814611435,
      0.030368218198418617,
      -0.03386237844824791,
      -0.1298915594816208,
      0.01961834356188774,
      0.04929719492793083,
      0.10779046267271042,
      0.11163069307804108,
      0.025866197422146797,
      -0.05886319652199745,
      -0.04895881935954094,
      0.08085567504167557,
      0.04484434425830841,
      0.03933868184685707,
      -0.0040313247591257095,
      -0.058002155274152756,
      0.061858441680669785,
      0.00013129653234500438,
      0.12980593740940094,
      0.05171005055308342,
      -0.07626964151859283,
      0.008882411755621433,
      0.02932218834757805,
      -0.002669619396328926,
      -0.10447897762060165,
      0.020500337705016136,
      0.0067857541143894196,
      0.05755825340747833,
      -0.0017960281111299992,
      0.05578198656439781,
      0.10514897108078003,
      -0.048074085265398026,
      -0.04788405820727348,
      -0.012175547890365124,
      0.045807309448719025,
      -0.009527616202831268,
      0.0012656725011765957,
      -0.0326184518635273,
      0.04282223433256149,
      -0.02167576551437378,
      -0.011840036138892174,
      0.11205269396305084,
      0.0061820680275559425,
      0.04649057239294052,
      0.06605879962444305,
      0.0699336975812912,
      0.1051413044333458,
      0.003769541624933481,
      -0.03376027196645737,
      -0.010591940023005009,
      0.020071787759661674,
      0.04704294353723526,
      0.057591065764427185,
      -0.03127829730510712,
      0.04882394149899483
    ],
    "embedding_provider": "SentenceTransformer",
    "embedding_model": "sentence-transformers/all-MiniLM-L6-v2",
    "created_at": "2026-08-05 18:47:59.481474+00:00",
    "embedding_dimension": 384
  },
  {
    "chunk_id": "3ac757b3-b175-4e1c-9439-a7c63afee4f5",
    "embeddings": [
      -0.04858903959393501,
      0.008792310021817684,
      0.0008918313542380929,
      0.043334245681762695,
      0.005026823841035366,
      -0.08587901294231415,
      0.09231323003768921,
      -0.024484440684318542,
      -0.09113570302724838,
      -0.023783501237630844,
      -0.013470596633851528,
      -0.07123761624097824,
      0.09396333247423172,
      0.00997635442763567,
      -0.05823787674307823,
      0.034260328859090805,
      0.009677933529019356,
      -0.026097489520907402,
      0.09056847542524338,
      -0.12762939929962158,
      -0.059103235602378845,
      0.051038529723882675,
      -0.033961549401283264,
      -0.08890964090824127,
      0.04730962589383125,
      0.013917606323957443,
      0.02002318948507309,
      0.014354630373418331,
      -0.00901016779243946,
      -0.03356095403432846,
      -0.050553467124700546,
      -0.0038534116465598345,
      0.011568435467779636,
      0.05788973718881607,
      0.04242336377501488,
      0.06983698904514313,
      0.026531824842095375,
      0.08537168800830841,
      0.0054676891304552555,
      -0.03238829970359802,
      -0.015558073297142982,
      -0.07695683091878891,
      -0.011436780914664268,
      -0.027341187000274658,
      0.015551548451185226,
      -0.0823327898979187,
      0.020114244893193245,
      -0.0721215009689331,
      0.026924140751361847,
      0.005942883435636759,
      -0.12308075278997421,
      -0.08594327419996262,
      0.007811733055859804,
      -0.03505173698067665,
      -0.01117364875972271,
      -0.005289969965815544,
      0.03459255024790764,
      0.04696289449930191,
      -0.0169676523655653,
      0.007094091735780239,
      0.04955568537116051,
      -0.02398945949971676,
      -0.08680402487516403,
      0.0412394180893898,
      0.05967924743890762,
      0.022487979382276535,
      -0.05008520558476448,
      0.07057147473096848,
      -0.02014749124646187,
      -0.054852817207574844,
      0.025242941454052925,
      -0.04809831082820892,
      -0.05168221518397331,
      0.0055689080618321896,
      0.03540045768022537,
      -0.005751116666942835,
      0.000942891463637352,
      0.009984333999454975,
      0.07836509495973587,
      -0.02760367840528488,
      0.031920723617076874,
      -0.021363738924264908,
      -0.04858561232686043,
      0.09662520885467529,
      -0.020914407446980476,
      -0.02440592646598816,
      0.03246597945690155,
      -0.030982308089733124,
      -0.013583933003246784,
      -0.06367268413305283,
      0.11211945861577988,
      0.012860842049121857,
      0.00028148351702839136,
      0.008062202483415604,
      -0.008500270545482635,
      -0.11242932081222534,
      -0.04131229221820831,
      -0.0032317135483026505,
      0.021664336323738098,
      0.05529583618044853,
      -0.022250020876526833,
      -0.003663746640086174,
      -0.05100277438759804,
      0.02989022061228752,
      -0.08769816160202026,
      0.04156629741191864,
      -0.014448998495936394,
      0.028343120589852333,
      0.013405305333435535,
      0.03582485765218735,
      -0.03785383701324463,
      0.07210422307252884,
      -0.08327030390501022,
      0.011880399659276009,
      0.022019170224666595,
      0.059871334582567215,
      -0.12727844715118408,
      0.08974207192659378,
      -0.001023406395688653,
      0.0546378493309021,
      -0.024244071915745735,
      0.1252051740884781,
      -0.12970010936260223,
      -0.020035065710544586,
      -0.058074235916137695,
      -0.06838954985141754,
      0.024124279618263245,
      2.366237067426648e-33,
      -0.040572043508291245,
      0.09030528366565704,
      0.07727959752082825,
      0.06384831666946411,
      0.021221013739705086,
      -0.010018737055361271,
      -0.06230345368385315,
      0.01744796149432659,
      -0.03219069167971611,
      0.04277315363287926,
      0.03457402065396309,
      0.11305005848407745,
      0.027786146849393845,
      -0.02919808030128479,
      -0.02060367539525032,
      0.02765924669802189,
      -0.037119656801223755,
      0.0322599783539772,
      0.0001478764315834269,
      0.0006025234470143914,
      0.05244496464729309,
      -0.03815247491002083,
      0.013125951401889324,
      0.024985430762171745,
      0.0691167339682579,
      -0.001958385342732072,
      0.04845360293984413,
      -0.04359116777777672,
      0.1413983702659607,
      0.05010005459189415,
      0.03179176524281502,
      -0.0011438482906669378,
      -0.006435518153011799,
      -0.02720825746655464,
      0.029873788356781006,
      0.004947812762111425,
      0.04060770571231842,
      -0.1087033599615097,
      0.008331026881933212,
      0.04727265611290932,
      -0.010413534939289093,
      0.03441094234585762,
      0.04975176230072975,
      -0.0029022840317338705,
      -0.08021210134029388,
      0.006842000875622034,
      0.1280181109905243,
      0.025659918785095215,
      0.08932573348283768,
      0.060943689197301865,
      -0.13510428369045258,
      -0.0630851536989212,
      -0.07220816612243652,
      -0.02983866073191166,
      -0.008809707127511501,
      -0.015721183270215988,
      0.0051405346021056175,
      -0.009715419262647629,
      0.03906894102692604,
      0.03188512846827507,
      -0.06567642092704773,
      -0.018996598199009895,
      -0.07829643040895462,
      -0.04462795704603195,
      -0.07554309070110321,
      -0.01050002034753561,
      -0.010244755074381828,
      -0.07675027847290039,
      0.09657637774944305,
      -0.0003120011242572218,
      -0.06722140312194824,
      0.002099566860124469,
      0.025610821321606636,
      0.004700629040598869,
      -0.016327347606420517,
      -0.01729210466146469,
      -0.09822753071784973,
      0.0378156378865242,
      -0.07949512451887131,
      0.002891350304707885,
      -0.0492439791560173,
      0.017996499314904213,
      -0.020770980045199394,
      -0.018779069185256958,
      0.10662434250116348,
      0.05068590119481087,
      0.018829043954610825,
      -0.029651831835508347,
      -0.005654033739119768,
      0.06147773936390877,
      -0.05495481565594673,
      0.0383739247918129,
      0.026601137593388557,
      0.033518336713314056,
      -0.09511958807706833,
      -3.369179133123793e-33,
      -0.04153648018836975,
      0.002890937961637974,
      0.022267552092671394,
      0.09543292969465256,
      0.09207707643508911,
      -0.04735375940799713,
      -0.006933376658707857,
      0.010187935084104538,
      0.03984707593917847,
      0.04257557541131973,
      0.029551807790994644,
      0.04121202975511551,
      0.09017526358366013,
      -0.019563227891921997,
      -0.016877131536602974,
      0.00889346469193697,
      -0.013228331692516804,
      -0.04058757796883583,
      -0.1097334772348404,
      -0.03211064636707306,
      0.0008834876934997737,
      0.07757119834423065,
      -0.03271271288394928,
      -0.015550009906291962,
      0.000255423627095297,
      0.06964627653360367,
      -0.005211690440773964,
      -0.037188246846199036,
      0.021507008001208305,
      0.07487847656011581,
      -0.032134491950273514,
      0.001523529994301498,
      -0.13772724568843842,
      0.037008438259363174,
      -0.06148431822657585,
      -0.001895348890684545,
      0.07479994744062424,
      -0.047540005296468735,
      -0.026543430984020233,
      0.029473429545760155,
      -0.022671107202768326,
      0.0016753374366089702,
      -0.04327608644962311,
      -0.014057861641049385,
      -0.0019356617704033852,
      -0.11468663811683655,
      0.06041230261325836,
      0.04179314523935318,
      -0.014984904788434505,
      -0.11031924188137054,
      0.01449552457779646,
      0.0379028357565403,
      0.02497747540473938,
      -0.010886888019740582,
      0.009809475392103195,
      0.023824678733944893,
      0.08553651720285416,
      0.035589732229709625,
      -0.08011902868747711,
      0.011148468591272831,
      0.06266114860773087,
      0.03592366352677345,
      0.0546245239675045,
      0.04238665848970413,
      0.02802930772304535,
      -0.03006811998784542,
      0.08302870392799377,
      0.010729850269854069,
      -0.04340548440814018,
      -0.06651850044727325,
      0.028621193021535873,
      0.002793880645185709,
      -0.03534799441695213,
      -0.0443103089928627,
      -0.09159743785858154,
      0.0015721567906439304,
      -0.030422277748584747,
      -0.02812008745968342,
      -0.06102067232131958,
      0.034870445728302,
      -0.0029088815208524466,
      -0.00284778350032866,
      0.025987492874264717,
      -0.006827738136053085,
      0.07231293618679047,
      0.06112894043326378,
      0.012713668867945671,
      -0.0945553258061409,
      0.057714469730854034,
      -0.03313801810145378,
      -0.0879392996430397,
      -0.018918924033641815,
      -0.06784102320671082,
      0.0025129239074885845,
      0.02547215111553669,
      -4.480854087773878e-08,
      0.013078060001134872,
      0.00572592206299305,
      -0.016328511759638786,
      -0.006801331415772438,
      0.017440946772694588,
      -0.03897980973124504,
      -0.0391402542591095,
      0.06769055128097534,
      -0.007499425671994686,
      0.02574627660214901,
      0.0034565902315080166,
      -0.045584339648485184,
      0.030915280804038048,
      -0.008899505250155926,
      0.07800823450088501,
      -0.03773907199501991,
      0.08230740576982498,
      0.07355520874261856,
      -0.018698399886488914,
      -0.0069112516939640045,
      0.0697234719991684,
      0.025435704737901688,
      -0.006949415896087885,
      -0.05160759389400482,
      -0.0244100634008646,
      0.034901898354291916,
      0.02661113440990448,
      0.010710143484175205,
      -0.0422104112803936,
      -0.027342943474650383,
      -0.06137774512171745,
      0.010469231754541397,
      0.010018634609878063,
      -0.09570707380771637,
      0.05573973059654236,
      -0.04469115659594536,
      0.0965142622590065,
      -0.002634783275425434,
      0.028519954532384872,
      0.005489253904670477,
      -0.0394568145275116,
      0.04557874798774719,
      0.020739197731018066,
      0.07160726934671402,
      -0.06425388157367706,
      0.069123275578022,
      -0.02751106582581997,
      -0.006414711009711027,
      0.025465743616223335,
      0.06901626288890839,
      0.011459960602223873,
      -0.06726407259702682,
      0.04068388417363167,
      0.012209183536469936,
      -0.02174934186041355,
      0.008513675071299076,
      -0.048882387578487396,
      -0.0332752987742424,
      -0.10984722524881363,
      0.017532438039779663,
      0.060860972851514816,
      -0.054054610431194305,
      -0.08067405223846436,
      -0.037406470626592636
    ],
    "embedding_provider": "SentenceTransformer",
    "embedding_model": "sentence-transformers/all-MiniLM-L6-v2",
    "created_at": "2026-08-05 18:47:59.481486+00:00",
    "embedding_dimension": 384
  },
  {
    "chunk_id": "cf2baea6-f8f6-44e6-bb4c-2345f714867e",
    "embeddings": [
      -0.060572706162929535,
      -0.06456982344388962,
      -0.008313479833304882,
      0.045060671865940094,
      -0.013875491917133331,
      -0.14668983221054077,
      0.041891276836395264,
      0.04758736491203308,
      -0.08657921850681305,
      -0.013562272302806377,
      -0.10946498066186905,
      -0.043703582137823105,
      0.016559213399887085,
      0.03722720593214035,
      -0.002852196805179119,
      0.030934955924749374,
      -0.0019074227893725038,
      0.0022003385238349438,
      0.04278583452105522,
      -0.1489616483449936,
      -0.046859029680490494,
      0.01997995376586914,
      0.019748546183109283,
      -0.05247673764824867,
      0.0937642827630043,
      0.013356057927012444,
      0.010121054947376251,
      0.009393869899213314,
      -0.0063806925900280476,
      -0.025444945320487022,
      -0.06490311026573181,
      0.002241542562842369,
      -0.03714827820658684,
      -0.0012523301411420107,
      0.002860752400010824,
      0.08652171492576599,
      0.021015586331486702,
      -0.010359903797507286,
      0.03172776475548744,
      -0.07171431183815002,
      -0.028593016788363457,
      -0.058575600385665894,
      0.031371429562568665,
      -0.042401984333992004,
      -0.007315564434975386,
      -0.05909701809287071,
      0.015549561008810997,
      -0.014751781709492207,
      0.05178080499172211,
      0.058820243924856186,
      -0.07230743765830994,
      -0.0902007594704628,
      -0.0032117392402142286,
      -0.019261503592133522,
      -0.07572515308856964,
      0.08004474639892578,
      0.01878197491168976,
      0.049661509692668915,
      0.028713766485452652,
      -0.08710021525621414,
      0.026186808943748474,
      0.0039629559032619,
      -0.03291386365890503,
      0.005302716046571732,
      -0.014194679446518421,
      0.0422968715429306,
      -0.04589008167386055,
      0.11108086258172989,
      0.07200641185045242,
      -0.07579167187213898,
      0.0274790171533823,
      0.02299119345843792,
      -0.08551239222288132,
      0.01439126767218113,
      0.06643297523260117,
      -0.0476822592318058,
      0.04254975542426109,
      -0.02436731569468975,
      0.06664751470088959,
      -0.003414271166548133,
      0.009986120276153088,
      -0.05382208898663521,
      -0.0851045548915863,
      0.08921026438474655,
      0.014025849290192127,
      -0.04445742815732956,
      0.03892546519637108,
      0.0987369567155838,
      -0.0017816814361140132,
      -0.013863306492567062,
      0.06367766857147217,
      -0.03829414024949074,
      0.021301088854670525,
      0.015440522693097591,
      0.004174727015197277,
      0.0030211179982870817,
      0.05454837903380394,
      -0.020505720749497414,
      -0.05822454392910004,
      0.05326305329799652,
      -0.04956568777561188,
      -0.05158165469765663,
      0.013690033927559853,
      -0.0059938798658549786,
      0.021048838272690773,
      0.07069607079029083,
      0.013642549514770508,
      -0.00465733977034688,
      0.0566653273999691,
      0.016895588487386703,
      -0.04752141609787941,
      -0.007829725742340088,
      -0.05957993492484093,
      -0.04785875231027603,
      0.08265770971775055,
      0.037688400596380234,
      -0.08552511036396027,
      -0.004017059691250324,
      -0.044377028942108154,
      0.0919501855969429,
      -0.08526060730218887,
      0.09564349800348282,
      -0.01805330067873001,
      -0.046507641673088074,
      0.060957033187150955,
      0.011620214208960533,
      -0.07593565434217453,
      9.761241722735926e-34,
      -0.024099845439195633,
      0.024929650127887726,
      0.045904818922281265,
      0.025657949969172478,
      0.04324815422296524,
      -0.09203042834997177,
      0.005993555765599012,
      0.08241148293018341,
      -0.020099207758903503,
      -0.020846877247095108,
      0.03103291429579258,
      0.13034497201442719,
      -0.03389342501759529,
      0.05995476618409157,
      0.11902087181806564,
      -0.02603955939412117,
      -0.013319977559149265,
      0.02118639461696148,
      0.011541462503373623,
      0.03308546170592308,
      -0.018009716644883156,
      -0.0943991020321846,
      -0.011449218727648258,
      0.022839054465293884,
      0.054767075926065445,
      0.012225635349750519,
      0.04462459683418274,
      0.0371655710041523,
      0.0021150289103388786,
      0.03842399641871452,
      0.019694291055202484,
      -0.017676478251814842,
      -0.048719048500061035,
      -0.006932660471647978,
      -0.04468744248151779,
      0.018431907519698143,
      -0.05047762393951416,
      -0.08932917565107346,
      0.050064727663993835,
      0.11895838379859924,
      -0.06513549387454987,
      0.039121098816394806,
      0.043588388711214066,
      -0.03271086513996124,
      -0.013879313133656979,
      -0.0027270533610135317,
      0.05836145952343941,
      0.009115692228078842,
      -0.03155802562832832,
      0.037548549473285675,
      -0.010941536165773869,
      -0.02726435475051403,
      -0.04860420897603035,
      0.06809943169355392,
      -0.018691418692469597,
      0.055203888565301895,
      0.08132582902908325,
      -0.017624258995056152,
      0.06091509759426117,
      0.02680709771811962,
      -0.08124947547912598,
      0.0016956067411229014,
      -0.039877086877822876,
      -0.0024174763821065426,
      -0.06965726613998413,
      0.06613685190677643,
      0.09527575224637985,
      0.057385917752981186,
      0.07358069717884064,
      0.045514728873968124,
      -0.05676067993044853,
      -0.045888036489486694,
      0.03252449259161949,
      -0.04799925908446312,
      0.02371973916888237,
      0.03979555517435074,
      -0.022484637796878815,
      -0.030819712206721306,
      -0.04747553914785385,
      0.11010583490133286,
      0.017217205837368965,
      0.02168497070670128,
      0.04905399680137634,
      -0.007817283272743225,
      0.0025485223159193993,
      0.008877274580299854,
      0.004979728255420923,
      -0.01525124441832304,
      -0.03325960040092468,
      0.060572102665901184,
      -0.046385303139686584,
      0.031812574714422226,
      -0.02973385527729988,
      -0.017867079004645348,
      -0.09884814918041229,
      -8.336548998024045e-34,
      -0.07632255554199219,
      -0.02110867016017437,
      0.00025119190104305744,
      0.09710318595170975,
      0.06356500834226608,
      -0.032452210783958435,
      -0.04738451540470123,
      -0.06381606310606003,
      0.026810942217707634,
      -0.005747311748564243,
      -0.03702346608042717,
      -0.026463553309440613,
      -0.026792477816343307,
      0.008510504849255085,
      -0.024006305262446404,
      -0.008064258843660355,
      -0.05599184334278107,
      -0.058857258409261703,
      -0.01119778212159872,
      -0.030116233974695206,
      -0.0686187893152237,
      0.05913105234503746,
      -0.04768228903412819,
      -0.0061426623724401,
      -0.012619917280972004,
      -0.04857473075389862,
      -0.10827722400426865,
      -0.06235000118613243,
      0.009207921102643013,
      -0.008750511333346367,
      -0.003336855908855796,
      0.005742962006479502,
      -0.01552583184093237,
      -0.012696105055510998,
      0.001360214431770146,
      0.0010736119002103806,
      0.02136155217885971,
      -0.05489515885710716,
      0.04889615625143051,
      -0.013786479830741882,
      0.0962296798825264,
      -0.0009582648635841906,
      -0.03586655855178833,
      -0.07361067831516266,
      -0.08109068125486374,
      0.015869857743382454,
      -0.1028050109744072,
      0.0778249204158783,
      -4.541900852927938e-05,
      -0.033974938094615936,
      0.04210281744599342,
      0.1024438738822937,
      -0.015766553580760956,
      -0.0687633752822876,
      0.0037893052212893963,
      -0.020219633355736732,
      0.07737302780151367,
      -0.020714381709694862,
      -0.018957413733005524,
      0.051185935735702515,
      -0.061224889010190964,
      0.005908695515245199,
      0.09252678602933884,
      0.04300912097096443,
      0.01251265499740839,
      0.007724441587924957,
      -0.030790099874138832,
      0.042041465640068054,
      -0.05946672335267067,
      -0.06513854116201401,
      0.06337275356054306,
      0.022230567410588264,
      0.030152613297104836,
      0.05599672347307205,
      -0.1389075368642807,
      -0.035685062408447266,
      -0.028296854346990585,
      0.029640156775712967,
      0.0029666516929864883,
      0.04065762460231781,
      0.03151500225067139,
      -0.003942518029361963,
      0.0254600178450346,
      0.011569945141673088,
      -0.03386189416050911,
      0.0740564838051796,
      -0.015099274925887585,
      -0.07723532617092133,
      0.0336843766272068,
      -0.04444781690835953,
      -0.08857984095811844,
      0.050892025232315063,
      -0.04227320849895477,
      0.020505690947175026,
      -0.02265969105064869,
      -3.7054775248179794e-08,
      0.03329924866557121,
      0.03428350389003754,
      0.055272866040468216,
      0.023105420172214508,
      -0.06301430612802505,
      0.011874035000801086,
      -0.10883355885744095,
      0.12291931360960007,
      0.04913001134991646,
      0.03641565516591072,
      0.01933838613331318,
      -0.11125858128070831,
      -0.07702226936817169,
      0.05966552719473839,
      0.054639287292957306,
      0.02325129322707653,
      0.08531031012535095,
      0.018951628357172012,
      -0.030478717759251595,
      -0.0474650003015995,
      0.10490287840366364,
      0.08409614861011505,
      -0.004128174856305122,
      -0.007798755541443825,
      0.03612629324197769,
      -0.021779317408800125,
      0.02532828226685524,
      -0.019203439354896545,
      -0.044944025576114655,
      0.0864502340555191,
      -0.017514199018478394,
      -0.01025319192558527,
      0.0035696313716471195,
      -0.07358036190271378,
      0.10812118649482727,
      0.005229879170656204,
      0.08237789571285248,
      -0.015531010925769806,
      -0.003963087219744921,
      0.025431467220187187,
      -0.029697343707084656,
      0.032947149127721786,
      0.009576813317835331,
      -0.0294767115265131,
      -0.03642691299319267,
      -0.03780389577150345,
      -0.006652019917964935,
      -0.053906310349702835,
      0.03649014234542847,
      0.02087581530213356,
      0.017287306487560272,
      0.025637879967689514,
      0.013806474395096302,
      -0.027367958799004555,
      0.09388541430234909,
      0.09690431505441666,
      -0.010509814135730267,
      -0.09067323058843613,
      -0.03574212267994881,
      0.08546581119298935,
      -0.011874910444021225,
      -0.02170076221227646,
      -0.01655397191643715,
      0.05283704400062561
    ],
    "embedding_provider": "SentenceTransformer",
    "embedding_model": "sentence-transformers/all-MiniLM-L6-v2",
    "created_at": "2026-08-05 18:47:59.481501+00:00",
    "embedding_dimension": 384
  },
  {
    "chunk_id": "4931e91a-3902-4b3a-befe-5a9ec2c4141c",
    "embeddings": [
      -0.00024330343876499683,
      -0.02983895130455494,
      0.03964605554938316,
      0.1102830171585083,
      -0.032218094915151596,
      -0.08339761197566986,
      0.061495743691921234,
      0.002471592975780368,
      -0.09832306206226349,
      -0.03212196007370949,
      -0.07141983509063721,
      -0.04116399958729744,
      0.04571390151977539,
      0.054794978350400925,
      0.04554861783981323,
      0.08377683907747269,
      -0.05185350775718689,
      -0.0053145866841077805,
      -0.005455937702208757,
      -0.0741099938750267,
      -0.10202186554670334,
      -0.0193236842751503,
      -0.020260175690054893,
      -0.04441788047552109,
      -0.02832387015223503,
      -0.017278827726840973,
      0.038545429706573486,
      -0.0237947516143322,
      -0.0023626331239938736,
      -0.03640356287360191,
      -0.006640635896474123,
      -0.020036837086081505,
      0.027252158150076866,
      0.06131967529654503,
      0.0021167313680052757,
      0.0033675329759716988,
      0.04509016126394272,
      0.06432780623435974,
      0.10158584266901016,
      0.057031769305467606,
      0.015518183819949627,
      -0.024242833256721497,
      -0.04475625976920128,
      -0.035628993064165115,
      0.021284397691488266,
      -0.08168225735425949,
      0.012410316616296768,
      -0.03180191293358803,
      -0.02114904299378395,
      0.028142621740698814,
      -0.11152492463588715,
      -0.005266199819743633,
      -0.01990235410630703,
      0.004354228265583515,
      -0.010645938105881214,
      0.03777796030044556,
      0.040803950279951096,
      0.05819196254014969,
      -0.02011685259640217,
      0.013390476815402508,
      0.012047041207551956,
      -0.031425513327121735,
      -0.016195913776755333,
      -0.05237584188580513,
      -0.017700500786304474,
      0.012906057760119438,
      -0.0399424284696579,
      0.05275927856564522,
      -0.06605195254087448,
      -0.058294255286455154,
      -0.028891274705529213,
      -0.03390800952911377,
      -0.04380718991160393,
      0.030031481757760048,
      0.057549335062503815,
      0.0013493704609572887,
      0.060649339109659195,
      -0.07646942138671875,
      0.08959954977035522,
      0.02103954367339611,
      0.07477327436208725,
      -0.012431717477738857,
      -0.10572519153356552,
      0.08633275330066681,
      -0.06883199512958527,
      -0.07345344126224518,
      -0.04666115716099739,
      0.035753924399614334,
      -0.036762502044439316,
      0.03854314982891083,
      0.07687531411647797,
      -0.057054102420806885,
      0.007848639041185379,
      0.06394121795892715,
      -0.003940506838262081,
      -0.012175069190561771,
      -0.03621586039662361,
      -0.06329115480184555,
      -0.0018609066028147936,
      -0.02631552144885063,
      -0.06564684957265854,
      -0.027994465082883835,
      -0.009374303743243217,
      0.08069843798875809,
      -0.0918455421924591,
      0.005905075464397669,
      -0.04526158794760704,
      -0.003740951418876648,
      -0.024357546120882034,
      -0.008569890633225441,
      0.0012044929899275303,
      0.04028803110122681,
      -0.016342081129550934,
      0.02962614968419075,
      0.007360891904681921,
      -0.008208060637116432,
      -0.14076773822307587,
      0.018331848084926605,
      0.017988435924053192,
      0.004642151296138763,
      -0.05220729112625122,
      0.08185277879238129,
      0.0048723844811320305,
      0.023831987753510475,
      0.03327041491866112,
      -0.028569942340254784,
      -0.009185434319078922,
      1.248442844046056e-34,
      -0.03262205794453621,
      0.032765790820121765,
      0.0543014220893383,
      0.0790150836110115,
      0.007186553906649351,
      -0.02889186516404152,
      0.0028475362341850996,
      0.015108639374375343,
      -0.030187318101525307,
      0.03308466076850891,
      -0.04063763841986656,
      0.1026131808757782,
      -0.028824031352996826,
      -0.009049983695149422,
      -0.05496734753251076,
      0.07620598375797272,
      -0.02607116661965847,
      0.014511950314044952,
      -0.0659971535205841,
      0.0465216301381588,
      0.023335253819823265,
      -0.07062888890504837,
      -0.00986358430236578,
      -0.0036440552212297916,
      0.10213922709226608,
      -0.017877263948321342,
      0.04336834326386452,
      -0.020893801003694534,
      0.054383452981710434,
      0.011316036805510521,
      -0.014664281159639359,
      -0.018299972638487816,
      -0.03418359532952309,
      0.03259541839361191,
      0.04911922663450241,
      -0.020929666236042976,
      -0.03125075250864029,
      -0.044043947011232376,
      0.02674156054854393,
      0.007769952993839979,
      -0.0640702024102211,
      0.043027058243751526,
      0.029300125315785408,
      0.02722305618226528,
      -0.0933912917971611,
      0.005250130780041218,
      0.025025218725204468,
      -0.006799180526286364,
      0.03187526762485504,
      0.03184986859560013,
      -0.07612492889165878,
      -0.048725344240665436,
      0.09612066298723221,
      -0.023724602535367012,
      0.03907563537359238,
      0.014811703003942966,
      0.026644790545105934,
      -0.14299046993255615,
      0.008408198133111,
      0.011432693339884281,
      -0.026604054495692253,
      0.01746876910328865,
      -0.05473346635699272,
      0.02023046649992466,
      -0.04117971286177635,
      -0.011585315689444542,
      -0.016769008710980415,
      0.01532779447734356,
      0.13665056228637695,
      -0.019071539863944054,
      -0.04418905824422836,
      -0.03593381866812706,
      0.09218902140855789,
      0.006630473304539919,
      -0.005176132544875145,
      -0.0216279998421669,
      -0.08598589152097702,
      -0.05240747332572937,
      0.06982770562171936,
      0.025490138679742813,
      0.05806273967027664,
      -0.013250491581857204,
      0.05273763835430145,
      -0.009753876365721226,
      0.05001397058367729,
      0.031067529693245888,
      -0.042926643043756485,
      -0.048180144280195236,
      0.020512379705905914,
      0.037407416850328445,
      -0.06277158856391907,
      -0.0025677457451820374,
      0.007790972478687763,
      0.06996458023786545,
      -0.003900575451552868,
      -1.1301857475893079e-33,
      0.054928556084632874,
      -0.004127484280616045,
      -0.04678730294108391,
      0.006994402967393398,
      0.09556285291910172,
      0.04328260198235512,
      0.09834886342287064,
      -0.073031485080719,
      0.07962635159492493,
      0.008069497533142567,
      -0.020575111731886864,
      0.056035686284303665,
      0.0070180222392082214,
      0.03318987414240837,
      -0.017703952267766,
      -0.03392642363905907,
      -0.0902792289853096,
      0.01716478541493416,
      -0.10001666098833084,
      0.013376763090491295,
      -0.043624576181173325,
      -0.03342992439866066,
      -0.05313098058104515,
      -0.0224150437861681,
      0.08482243865728378,
      -0.02419579215347767,
      0.022637931630015373,
      0.021709740161895752,
      0.01648320071399212,
      0.03318185359239578,
      -0.02567201294004917,
      0.005060173105448484,
      0.06391195952892303,
      -0.06079000607132912,
      -0.03330095484852791,
      0.006648954004049301,
      0.062088776379823685,
      -0.11198032647371292,
      0.023664431646466255,
      0.04608229920268059,
      0.00880386307835579,
      0.018601642921566963,
      0.04443257302045822,
      -0.03212062269449234,
      0.016232101246714592,
      0.03112698905169964,
      0.05854841321706772,
      0.08501724153757095,
      -0.01537731010466814,
      -0.023721106350421906,
      0.01202121190726757,
      0.003112254198640585,
      0.056062787771224976,
      0.02762814424932003,
      0.03803282976150513,
      0.053618207573890686,
      0.07722862809896469,
      -0.041248563677072525,
      -0.04445052519440651,
      0.09019192308187485,
      0.04321110248565674,
      0.02493014559149742,
      0.13337790966033936,
      0.006419146899133921,
      -0.04199598729610443,
      -0.04682892933487892,
      0.05081092566251755,
      0.058703768998384476,
      -0.059397581964731216,
      -0.10016385465860367,
      0.0031005253549665213,
      -0.0221343245357275,
      0.07372840493917465,
      -0.050852641463279724,
      -0.0688619315624237,
      -0.036713507026433945,
      -0.13056853413581848,
      -0.05738158896565437,
      -0.031304195523262024,
      0.011902082711458206,
      -0.04823197051882744,
      -0.06774777173995972,
      -0.0537097305059433,
      0.05538458377122879,
      0.05243261158466339,
      0.06384126842021942,
      0.010168397799134254,
      -0.05614059045910835,
      0.003370881313458085,
      -0.10413063317537308,
      -0.13124284148216248,
      -0.04554484039545059,
      -0.10453377664089203,
      0.0017968842294067144,
      0.00046389829367399216,
      -4.3528650905955146e-08,
      -0.05790981650352478,
      -0.05254422128200531,
      0.01704970747232437,
      -0.006220941431820393,
      0.03292696177959442,
      0.026329919695854187,
      -0.10162403434515,
      0.07188323140144348,
      0.08049323409795761,
      0.059299878776073456,
      0.052996013313531876,
      -0.04773909971117973,
      -0.005044739693403244,
      -0.023984678089618683,
      0.06912992149591446,
      -0.02560494840145111,
      0.057203903794288635,
      -0.005545480642467737,
      0.019007254391908646,
      -0.00010759997530840337,
      0.11909317970275879,
      0.004924597684293985,
      -0.04983765259385109,
      -0.021393055096268654,
      0.0384526364505291,
      -0.061005495488643646,
      -0.08660727739334106,
      0.043479375541210175,
      -0.06804648041725159,
      -0.007923395372927189,
      -0.00320614711381495,
      -0.04450211673974991,
      0.05403449758887291,
      -0.06435579061508179,
      0.0927191823720932,
      -0.009005037136375904,
      0.12822963297367096,
      -0.01010214164853096,
      -0.018000856041908264,
      -0.024243872612714767,
      -0.0398654006421566,
      0.0810556635260582,
      0.009206131100654602,
      0.03328465297818184,
      -0.029954003170132637,
      0.04671865329146385,
      -0.03787718713283539,
      0.10551556199789047,
      0.05428246036171913,
      0.09564356505870819,
      0.020824452862143517,
      -0.008278644643723965,
      -0.046878959983587265,
      -0.016236117109656334,
      0.05263206735253334,
      0.07283156365156174,
      0.011021342128515244,
      0.03154844045639038,
      -0.07213594019412994,
      0.11087663471698761,
      -0.016287274658679962,
      -0.020328672602772713,
      -0.033872850239276886,
      -0.0030475431121885777
    ],
    "embedding_provider": "SentenceTransformer",
    "embedding_model": "sentence-transformers/all-MiniLM-L6-v2",
    "created_at": "2026-08-05 18:47:59.481513+00:00",
    "embedding_dimension": 384
  },
  {
    "chunk_id": "8c384002-8e70-4550-a84b-f17ef2f34563",
    "embeddings": [
      0.011100544594228268,
      0.004185388330370188,
      -0.014412746764719486,
      -0.014813625253736973,
      -0.05529028922319412,
      -0.019395649433135986,
      0.16609591245651245,
      -0.03759945183992386,
      -0.049489185214042664,
      -0.06326902657747269,
      0.00393062736839056,
      -0.04804268851876259,
      0.02998286858201027,
      0.0010771355591714382,
      -0.00700334832072258,
      -0.06077105924487114,
      0.027461888268589973,
      -0.04535038024187088,
      0.06221170723438263,
      -0.07206647843122482,
      -0.08621066063642502,
      -0.017244530841708183,
      -0.014722533524036407,
      -0.06416728347539902,
      0.019729938358068466,
      -0.05623055621981621,
      0.006626341491937637,
      -0.022290509194135666,
      -0.042510975152254105,
      -0.03809613734483719,
      -0.012167572975158691,
      0.07445208728313446,
      0.04019938036799431,
      0.029773199930787086,
      0.08571599423885345,
      0.11549697071313858,
      0.00775088369846344,
      0.05615116283297539,
      -0.02993493713438511,
      -0.05393318086862564,
      0.00448543019592762,
      -0.07717734575271606,
      -0.01326985564082861,
      -0.030501997098326683,
      0.028985176235437393,
      -0.06592722982168198,
      0.04362834617495537,
      0.01338708121329546,
      0.0063546570017933846,
      -0.04309060424566269,
      -0.1376015692949295,
      -0.02971717342734337,
      0.040759455412626266,
      0.022225651890039444,
      0.009088119491934776,
      -0.018406523391604424,
      0.0612742118537426,
      -0.01393598597496748,
      -0.007546704728156328,
      -0.04373571649193764,
      -0.005364207085222006,
      0.054704952985048294,
      -0.07025216519832611,
      0.03414857015013695,
      0.005516692064702511,
      0.019506389275193214,
      -0.0032572767231613398,
      0.013998541980981827,
      -0.07238318771123886,
      -0.035853929817676544,
      0.0046220580115914345,
      -0.06296069175004959,
      -0.07477155327796936,
      0.0355033203959465,
      -0.013548999093472958,
      -0.04386657476425171,
      0.028874941170215607,
      -0.029360540211200714,
      -0.009342298842966557,
      -0.015380903147161007,
      -0.0018317743670195341,
      -0.08375618606805801,
      -0.027208808809518814,
      0.03258679062128067,
      -0.08244216442108154,
      0.005068325903266668,
      0.007438447792083025,
      -0.020391613245010376,
      -0.002307336311787367,
      -0.05656052380800247,
      0.09075856953859329,
      0.03719149902462959,
      0.0036732512526214123,
      -0.08062733709812164,
      0.04096904397010803,
      -0.08419963717460632,
      -0.02571839839220047,
      0.01667824387550354,
      -0.0020521837286651134,
      0.05546746030449867,
      0.02340688183903694,
      0.001061731018126011,
      -0.05263923853635788,
      -0.0047956774942576885,
      -0.06562739610671997,
      0.08984671533107758,
      -0.012132220901548862,
      0.013931150548160076,
      -0.03985943645238876,
      -0.034444380551576614,
      -0.041186679154634476,
      0.02142631635069847,
      -0.02731684409081936,
      -0.002718969713896513,
      0.02647755853831768,
      0.09429500252008438,
      -0.08519406616687775,
      0.06358252465724945,
      -0.006575051229447126,
      0.06513359397649765,
      0.05151178315281868,
      0.14391152560710907,
      -0.1908077448606491,
      0.018841590732336044,
      -0.09187330305576324,
      -0.07538185268640518,
      0.06490853428840637,
      -2.1315114167185765e-33,
      -0.0011928409803658724,
      0.09195875376462936,
      0.07391446083784103,
      0.04919064790010452,
      0.004674731753766537,
      -0.028190046548843384,
      -0.04813908413052559,
      -0.0008980696438811719,
      -0.02138211950659752,
      0.0026757793966680765,
      -0.010908124037086964,
      -0.029814431443810463,
      0.008909076452255249,
      -0.06236370652914047,
      -0.05058351904153824,
      0.008107510395348072,
      -0.017084283754229546,
      0.046522196382284164,
      0.07862403988838196,
      0.012675836682319641,
      0.006762825883924961,
      0.006076698657125235,
      -0.007920574396848679,
      0.02323434315621853,
      0.030039746314287186,
      0.004677251446992159,
      0.028485702350735664,
      -0.0933779627084732,
      0.14698655903339386,
      0.020616624504327774,
      0.039616405963897705,
      0.03944903984665871,
      -0.04348740726709366,
      0.021912990137934685,
      -0.00931563414633274,
      0.024450110271573067,
      0.024331074208021164,
      -0.0867144763469696,
      -0.00859882589429617,
      -0.0339580774307251,
      -0.030791934579610825,
      0.05785853788256645,
      0.034777507185935974,
      0.029705999419093132,
      -0.08626279979944229,
      0.07272453606128693,
      0.07434149831533432,
      0.023716973140835762,
      0.055185165256261826,
      0.10989310592412949,
      -0.07179970294237137,
      -0.01179901696741581,
      -0.019887875765562057,
      -0.04343300685286522,
      -0.008481132797896862,
      -0.035583578050136566,
      0.06456680595874786,
      -0.015610346570611,
      0.0330977700650692,
      0.048455435782670975,
      -0.03511999174952507,
      -0.08278719335794449,
      -0.09912647306919098,
      -0.006664172746241093,
      -0.08010490238666534,
      -0.028686415404081345,
      0.0005212688120082021,
      -0.06800023466348648,
      0.09451579302549362,
      0.011536487378180027,
      -0.0912143811583519,
      0.06565816700458527,
      0.0478934608399868,
      0.06741500645875931,
      -0.07606486976146698,
      0.04225675389170647,
      -0.04575597494840622,
      0.03670009970664978,
      -0.0213906429708004,
      0.02219834178686142,
      -0.09756558388471603,
      0.047898437827825546,
      -0.018750285729765892,
      0.01701386086642742,
      0.12200736999511719,
      0.09357855468988419,
      -7.85796219133772e-05,
      -0.047792915254831314,
      0.04671057313680649,
      0.08084684610366821,
      -0.017949042841792107,
      0.011510699987411499,
      0.013103465549647808,
      0.04815097153186798,
      -0.012818763963878155,
      -4.194293790960985e-34,
      -0.002242053858935833,
      -0.05086398869752884,
      -0.05542527511715889,
      0.10216934978961945,
      0.011603973805904388,
      -0.04345956817269325,
      -0.013767720200121403,
      0.058207228779792786,
      0.061112117022275925,
      -0.005681101232767105,
      -0.05772862583398819,
      0.05469439551234245,
      0.0979076698422432,
      -0.03558652102947235,
      -0.030950861051678658,
      -0.06611606478691101,
      0.060960378497838974,
      0.0094982348382473,
      -0.046513866633176804,
      -0.009224200621247292,
      -0.029477909207344055,
      0.0688934400677681,
      0.021752238273620605,
      0.04547370597720146,
      0.0002427141007501632,
      0.06287965923547745,
      -0.01799769513309002,
      -0.0058073680847883224,
      -0.06546937674283981,
      0.06223980337381363,
      0.031123289838433266,
      -0.07984025031328201,
      -0.09221873432397842,
      0.06369176506996155,
      -0.05560590326786041,
      0.01904607191681862,
      0.017425555735826492,
      0.01347253005951643,
      0.040380027145147324,
      0.049489714205265045,
      -0.01868676207959652,
      -0.041252490133047104,
      -0.04270869866013527,
      0.021895870566368103,
      -0.009194031357765198,
      -0.14434123039245605,
      0.013665344566106796,
      0.027932390570640564,
      0.03761276230216026,
      -0.08721675723791122,
      -0.031228438019752502,
      0.04703247919678688,
      0.03148011118173599,
      -0.09133117645978928,
      -0.01936274766921997,
      0.1053992435336113,
      0.08284987509250641,
      -0.0113136637955904,
      -0.03839965909719467,
      -0.006313588470220566,
      0.026748141273856163,
      0.06533214449882507,
      0.08810208737850189,
      0.03951532393693924,
      0.05299079790711403,
      -0.021099599078297615,
      0.05794164538383484,
      -0.04411386698484421,
      0.019586753100156784,
      -0.05614866688847542,
      0.04598235338926315,
      -0.00994016695767641,
      -0.015144901350140572,
      0.05596105009317398,
      -0.03311321511864662,
      -0.0076276385225355625,
      -0.024710658937692642,
      -0.045504435896873474,
      -0.030802052468061447,
      0.0716673731803894,
      -0.014564773067831993,
      -0.0037871534004807472,
      0.05189695954322815,
      0.03985686972737312,
      0.021900895982980728,
      0.06753778457641602,
      0.03692888841032982,
      -0.05712099000811577,
      0.07276856899261475,
      -0.09407184273004532,
      -0.020981477573513985,
      -0.013659895397722721,
      -0.031136663630604744,
      -0.021951932460069656,
      0.0028705864679068327,
      -3.322612229794686e-08,
      0.021325770765542984,
      -0.03336771950125694,
      -0.03021281398832798,
      -0.0011261010076850653,
      0.003429124364629388,
      -0.06406350433826447,
      -0.03333060070872307,
      0.033750444650650024,
      -0.01572892814874649,
      -0.02827671356499195,
      -0.028396906331181526,
      -0.024898605421185493,
      -0.0039031035266816616,
      -0.030459489673376083,
      0.12952183187007904,
      0.008838711306452751,
      0.05269603058695793,
      0.04165852814912796,
      -0.09940580278635025,
      -0.05227122828364372,
      0.10153860598802567,
      0.02763422392308712,
      0.017903845757246017,
      -0.024434741586446762,
      -0.08125148713588715,
      0.02737092413008213,
      0.07021480798721313,
      0.038733165711164474,
      -0.02148004062473774,
      -0.024365153163671494,
      -0.040596090257167816,
      0.03732341155409813,
      -0.037947241216897964,
      -0.07223346084356308,
      0.04109911620616913,
      0.004711519926786423,
      0.07332681864500046,
      -0.009872283786535263,
      0.022467145696282387,
      -0.0020831890869885683,
      -0.047973163425922394,
      0.004221390001475811,
      -0.009175803512334824,
      0.040532056242227554,
      -0.03626071661710739,
      0.03716348111629486,
      -0.046341028064489365,
      0.00298369862139225,
      0.005248133093118668,
      -0.03284810855984688,
      0.02054491639137268,
      -0.0179215669631958,
      0.08621912449598312,
      0.08036095649003983,
      -0.0036773423198610544,
      -0.009454557672142982,
      -0.034609079360961914,
      -0.06602728366851807,
      -0.013431536965072155,
      -0.007605513092130423,
      0.08366619050502777,
      -0.033251844346523285,
      -0.004789796657860279,
      -0.05021658167243004
    ],
    "embedding_provider": "SentenceTransformer",
    "embedding_model": "sentence-transformers/all-MiniLM-L6-v2",
    "created_at": "2026-08-05 18:47:59.481525+00:00",
    "embedding_dimension": 384
  },
  {
    "chunk_id": "57b9ef4a-7e65-4f70-b9cf-cd9c8ea8b0b2",
    "embeddings": [
      -0.005005341488867998,
      0.03775796294212341,
      -0.03152196481823921,
      0.060978297144174576,
      0.009511033073067665,
      -0.12888045608997345,
      -0.03865722566843033,
      0.037474971264600754,
      -0.02874896116554737,
      0.042401909828186035,
      -0.058378878980875015,
      -0.011194354854524136,
      0.053833406418561935,
      0.027502678334712982,
      0.022909337654709816,
      0.10717926919460297,
      -0.020799558609724045,
      -0.08487261831760406,
      0.003342166543006897,
      -0.05268816649913788,
      -0.05475648120045662,
      -0.021192675456404686,
      -0.019535047933459282,
      -0.04414971172809601,
      0.08467196673154831,
      0.10963845998048782,
      0.026919158175587654,
      0.0021915568504482508,
      -0.027918653562664986,
      -0.020161056891083717,
      -0.0863661915063858,
      0.02269090712070465,
      0.0052923900075256824,
      0.028852950781583786,
      -0.03697272390127182,
      -0.01900669001042843,
      0.09187039732933044,
      0.06605835258960724,
      0.037993352860212326,
      0.0026007480919361115,
      -0.018293268978595734,
      -0.07342447340488434,
      0.016563864424824715,
      -0.03624149039387703,
      -0.03337787464261055,
      -0.049943700432777405,
      0.013175810687243938,
      -0.08088217675685883,
      0.04077884554862976,
      0.08814160525798798,
      -0.09439011663198471,
      -0.06056957691907883,
      -0.0022808886133134365,
      0.01930108480155468,
      0.0029878192581236362,
      0.03972836211323738,
      0.08287432789802551,
      0.025984037667512894,
      0.027095243334770203,
      -0.031123673543334007,
      0.025444217026233673,
      -0.05797344818711281,
      -0.01905341073870659,
      0.010063891299068928,
      0.019451450556516647,
      0.02561342902481556,
      -0.049107689410448074,
      0.07211808860301971,
      0.011710445396602154,
      -0.07615281641483307,
      0.016912242397665977,
      -0.009068360552191734,
      -0.039493121206760406,
      0.011101929470896721,
      0.0742955133318901,
      0.007208299823105335,
      0.0007628296152688563,
      -0.03976569324731827,
      0.0773855671286583,
      -0.04652060940861702,
      0.04447763413190842,
      -0.007154551334679127,
      -0.10671363770961761,
      0.1341148018836975,
      -0.012234729714691639,
      -0.056546106934547424,
      0.010355797596275806,
      0.026170168071985245,
      -0.06502863019704819,
      -0.04726908355951309,
      0.07976386696100235,
      0.0381007120013237,
      0.0782356783747673,
      0.023958534002304077,
      -0.026799608021974564,
      0.005800911225378513,
      -0.06537062674760818,
      -0.037395838648080826,
      0.06295283138751984,
      -0.01579202339053154,
      -0.035887327045202255,
      0.051201898604631424,
      0.029017163440585136,
      0.018348747864365578,
      -0.10843334347009659,
      -0.06708522886037827,
      -0.006912803277373314,
      0.03875536844134331,
      0.0021448933985084295,
      0.012929976917803288,
      -0.0020566382445394993,
      0.04469013586640358,
      -0.04217532277107239,
      -0.04978916794061661,
      0.01317033264786005,
      0.0072518521919846535,
      -0.16124270856380463,
      0.0273544043302536,
      -0.019939424470067024,
      0.08517219871282578,
      -0.030534248799085617,
      0.11356062442064285,
      -0.04556697979569435,
      0.019468648359179497,
      0.04798666387796402,
      0.012280070222914219,
      -0.024325836449861526,
      -1.0532421118173042e-33,
      -0.05874776840209961,
      0.023391081020236015,
      0.03240557760000229,
      0.06757160276174545,
      0.03447558358311653,
      -0.03368832916021347,
      -0.040580302476882935,
      0.04852395877242088,
      -0.052643682807683945,
      0.02710815705358982,
      0.030413489788770676,
      0.19202053546905518,
      0.02343667857348919,
      0.006888789590448141,
      0.055738966912031174,
      -0.0037844046019017696,
      -0.024779727682471275,
      0.0005370379658415914,
      -0.03223378211259842,
      -0.00290128611959517,
      0.04880838468670845,
      -0.055713098496198654,
      0.0509854331612587,
      0.06641370058059692,
      0.10229168832302094,
      0.004200662486255169,
      -0.015891872346401215,
      0.014292662031948566,
      0.026262620463967323,
      0.00884084589779377,
      -0.017736921086907387,
      -0.01256606262177229,
      -0.023412548005580902,
      -0.0031735915690660477,
      0.0010019703768193722,
      -0.007978800684213638,
      0.05795346572995186,
      -0.08400707691907883,
      0.018608611077070236,
      0.027114972472190857,
      -0.031690459698438644,
      0.0521702878177166,
      0.004964175634086132,
      -0.00837932713329792,
      -0.04902667552232742,
      0.01111042033880949,
      0.08302827179431915,
      -0.03820091858506203,
      0.029658513143658638,
      0.008368263021111488,
      -0.06040218472480774,
      -0.051187772303819656,
      -3.2869716960703954e-05,
      0.02340390533208847,
      0.012955128215253353,
      0.02320953831076622,
      0.01454779040068388,
      -0.09933309257030487,
      0.004854470491409302,
      0.03325137495994568,
      -0.044275883585214615,
      0.06793577969074249,
      0.016238942742347717,
      -0.04163717105984688,
      -0.04029086232185364,
      0.0785750299692154,
      0.013697406277060509,
      -0.014514393173158169,
      0.0975903570652008,
      -0.018999731168150902,
      -0.03175770863890648,
      -0.044310059398412704,
      -0.012126811780035496,
      -0.04053974151611328,
      0.05233202129602432,
      -0.006720843259245157,
      -0.05337148532271385,
      -0.02251681499183178,
      -0.06405534595251083,
      -0.02572833187878132,
      0.025255950167775154,
      -0.035459816455841064,
      0.02372290939092636,
      -0.0017302136402577162,
      0.05967089533805847,
      0.015490110963582993,
      0.02591153047978878,
      -0.037949126213788986,
      -0.06722257286310196,
      0.03427916392683983,
      -0.05653175711631775,
      0.03496447950601578,
      -0.0223737433552742,
      0.034545108675956726,
      -0.03677519038319588,
      -1.4520321519181154e-33,
      -0.06310439854860306,
      0.007467990275472403,
      0.0027584396302700043,
      0.09650776535272598,
      0.10107962787151337,
      0.018440766260027885,
      -0.0007094843313097954,
      -0.08900073915719986,
      0.0303665641695261,
      0.04470863193273544,
      -0.0033628367818892,
      -0.03274586796760559,
      0.009800655767321587,
      -0.038098763674497604,
      0.00883153360337019,
      0.016554951667785645,
      -0.046145930886268616,
      -0.09135081619024277,
      -0.11874645203351974,
      -0.015573614276945591,
      -0.03671552240848541,
      0.09088539332151413,
      -0.06923232227563858,
      -0.03850577026605606,
      -0.042744122445583344,
      0.0009005070896819234,
      -0.0001787173532648012,
      -0.09798839688301086,
      0.06355766206979752,
      0.04822605475783348,
      -0.05893808603286743,
      0.00499672070145607,
      -1.7835596736404113e-05,
      -0.029735181480646133,
      -0.03605146333575249,
      -0.006465396378189325,
      0.07055186480283737,
      -0.03745219111442566,
      0.025975380092859268,
      -0.06032071262598038,
      0.003406591946259141,
      0.016640225425362587,
      -0.06713980436325073,
      -0.02532552182674408,
      -0.0320308692753315,
      -0.020669681951403618,
      0.016737425699830055,
      0.053733326494693756,
      -0.028774185106158257,
      -0.04544158652424812,
      0.018067870289087296,
      0.04878072068095207,
      0.018148936331272125,
      -0.05797096714377403,
      0.011009047739207745,
      -0.042223844677209854,
      0.11667746305465698,
      0.026680253446102142,
      -0.12208189070224762,
      0.008000684902071953,
      -0.039129145443439484,
      0.012743419967591763,
      0.08515416830778122,
      0.025915764272212982,
      -0.05321941524744034,
      -0.014530974440276623,
      0.06776492297649384,
      -0.000849003903567791,
      -0.08407390117645264,
      -0.08951825648546219,
      -0.0018778280355036259,
      0.020153988152742386,
      0.00017056780052371323,
      -0.018105830997228622,
      -0.07203681766986847,
      -0.013048532418906689,
      -0.04001528397202492,
      -0.05987042188644409,
      -0.042634665966033936,
      0.05169406160712242,
      -0.004783756099641323,
      -0.004835030063986778,
      0.015229662880301476,
      -0.030294636264443398,
      0.017074747011065483,
      0.08060014992952347,
      -0.025334512814879417,
      -0.09514179825782776,
      -0.01976444385945797,
      -0.04866896942257881,
      -0.13773681223392487,
      -0.07446835935115814,
      -0.12235268950462341,
      0.02382478304207325,
      0.022916410118341446,
      -3.803988590789231e-08,
      0.014509789645671844,
      -0.00974210724234581,
      0.07378766685724258,
      0.029929136857390404,
      0.05550921708345413,
      -0.02177116461098194,
      -0.0662398636341095,
      0.1176280751824379,
      0.022606704384088516,
      0.06213933974504471,
      0.043755169957876205,
      -0.03003358282148838,
      -0.012894053012132645,
      0.040032949298620224,
      0.05055971071124077,
      -0.0055473679676651955,
      0.16661439836025238,
      -0.036081697791814804,
      0.0024056092370301485,
      0.050982724875211716,
      -0.001089707831852138,
      0.02030906081199646,
      -0.051683541387319565,
      -0.03914663568139076,
      0.05022326856851578,
      -0.032477784901857376,
      -0.0062437220476567745,
      -0.013364874757826328,
      -0.024708010256290436,
      -0.031104659661650658,
      -0.008017821237444878,
      -0.06117603927850723,
      -0.012554997578263283,
      -0.03296505659818649,
      0.06613120436668396,
      -0.1135314404964447,
      0.07452776283025742,
      0.020959829911589622,
      0.0019431462278589606,
      0.00010331642988603562,
      0.015066632069647312,
      0.042685333639383316,
      -0.06191902235150337,
      0.045900437980890274,
      -0.10062519460916519,
      0.03133346885442734,
      -0.02732212096452713,
      0.001583877601660788,
      0.044811636209487915,
      0.0875234603881836,
      0.014716225676238537,
      -0.026883764192461967,
      -0.014051850885152817,
      -0.012300072237849236,
      0.07972880452871323,
      0.08309151232242584,
      -0.035159867256879807,
      -0.01313958503305912,
      -0.10566789656877518,
      0.06553055346012115,
      0.07139942795038223,
      -0.018615517765283585,
      -0.07765763252973557,
      -0.01618962176144123
    ],
    "embedding_provider": "SentenceTransformer",
    "embedding_model": "sentence-transformers/all-MiniLM-L6-v2",
    "created_at": "2026-08-05 18:47:59.481537+00:00",
    "embedding_dimension": 384
  },
  {
    "chunk_id": "0a20553d-09bb-4e29-847e-1a3af2c7a1d6",
    "embeddings": [
      -0.08894731104373932,
      -0.032057322561740875,
      0.056085675954818726,
      0.02811668999493122,
      -0.014165925793349743,
      -0.11136878281831741,
      0.011655689217150211,
      0.014012113213539124,
      -0.11199060082435608,
      0.005472725722938776,
      -0.04847925156354904,
      -0.01039944775402546,
      0.08453769981861115,
      0.051266513764858246,
      -0.05734012648463249,
      -0.011757349595427513,
      -0.0046984972432255745,
      -0.021485740318894386,
      0.062005478888750076,
      -0.12546642124652863,
      -0.03719165548682213,
      0.04686683788895607,
      -0.006360850762575865,
      -0.06180517002940178,
      0.005141095258295536,
      0.06706704199314117,
      0.06864050775766373,
      0.02090168558061123,
      0.02021486684679985,
      -0.04985157027840614,
      -0.06343614310026169,
      -0.022104833275079727,
      -0.03597300872206688,
      0.019108319655060768,
      -0.02812952734529972,
      0.043920986354351044,
      0.039541151374578476,
      0.04323425143957138,
      0.045766621828079224,
      -0.035483796149492264,
      -0.015597952529788017,
      -0.09006116539239883,
      -0.004688629414886236,
      -0.0006181191420182586,
      0.09275183826684952,
      -0.00802407506853342,
      0.018709242343902588,
      -0.11404185742139816,
      0.00936056487262249,
      -0.01427027303725481,
      -0.08231420814990997,
      -0.04431841894984245,
      -0.0027976054698228836,
      -0.06629917770624161,
      -0.052476655691862106,
      -0.017195992171764374,
      0.06107471138238907,
      0.03583250939846039,
      -0.04265758767724037,
      -0.008743921294808388,
      0.06765034049749374,
      -0.058953430503606796,
      -0.10059557110071182,
      -0.001118733431212604,
      0.07288294285535812,
      0.03517303988337517,
      -0.053253378719091415,
      0.1097540482878685,
      0.0391324944794178,
      -0.04764409363269806,
      0.02390771359205246,
      0.009540272876620293,
      -0.07737116515636444,
      0.057201020419597626,
      0.020999480038881302,
      0.04182601720094681,
      0.06610307097434998,
      0.010040748864412308,
      0.1193137988448143,
      -0.0029583594296127558,
      0.02442270703613758,
      0.020074518397450447,
      -0.024549974128603935,
      0.05038965865969658,
      0.013591308146715164,
      -0.0570833645761013,
      0.03202122822403908,
      0.08014945685863495,
      0.032018568366765976,
      -0.07601641863584518,
      0.14675533771514893,
      -0.03129442781209946,
      -0.03126654028892517,
      -0.008558923378586769,
      -0.03352035954594612,
      -0.01582823134958744,
      -0.08160629868507385,
      -0.031048430129885674,
      -0.0025585005059838295,
      0.023602604866027832,
      -0.042856574058532715,
      -0.022616611793637276,
      -0.07694040238857269,
      -0.01302968431264162,
      -0.02081049233675003,
      0.04130120575428009,
      0.005964831914752722,
      -0.0036476620007306337,
      0.0768996998667717,
      -0.03461724892258644,
      -0.07606427371501923,
      0.04810755327343941,
      -0.1030212789773941,
      -0.00913243182003498,
      -0.015648003667593002,
      0.08015098422765732,
      -0.07664208114147186,
      0.04167031869292259,
      -0.0252884142100811,
      0.05061820149421692,
      -0.09540911018848419,
      0.08056415617465973,
      -0.051397986710071564,
      -0.06454198062419891,
      -0.014845620840787888,
      -0.05891137570142746,
      -0.10359214246273041,
      2.4612592553013214e-33,
      -0.08942240476608276,
      0.026971591636538506,
      -0.004837317392230034,
      0.039664994925260544,
      0.05760517343878746,
      -0.056789472699165344,
      -0.00015326915308833122,
      0.024512561038136482,
      -0.012326381169259548,
      0.032329026609659195,
      0.03322514891624451,
      0.049600616097450256,
      -0.004005219787359238,
      0.016264639794826508,
      0.05179979279637337,
      -0.020611301064491272,
      0.0005942132556810975,
      -0.022446634247899055,
      -0.013981939293444157,
      -0.06223441660404205,
      0.043780580163002014,
      -0.10342780500650406,
      0.0807633325457573,
      -0.0016192386392503977,
      0.08522220700979233,
      0.007663714699447155,
      0.051502812653779984,
      0.03423137590289116,
      0.07677005976438522,
      0.03252090513706207,
      0.04922736436128616,
      0.019814470782876015,
      -0.003515892196446657,
      -0.010875394567847252,
      0.012316572479903698,
      0.04517129436135292,
      0.021429287269711494,
      -0.05005471408367157,
      0.08723776042461395,
      0.08466344326734543,
      -0.03406019136309624,
      0.034456267952919006,
      0.06591212749481201,
      0.0071378168649971485,
      -0.03202446922659874,
      -0.022231679409742355,
      0.08486166596412659,
      0.008120139129459858,
      0.020949821919202805,
      0.03433816134929657,
      -0.07242433726787567,
      0.00238300790078938,
      -0.069987952709198,
      -0.0449061244726181,
      -0.0023993682116270065,
      0.050248466432094574,
      0.02401200868189335,
      -0.05872257053852081,
      0.029246747493743896,
      0.019730757921934128,
      -0.005969681311398745,
      -0.03316511958837509,
      -0.1040089800953865,
      -0.001223794650286436,
      -0.08034810423851013,
      0.11123351007699966,
      0.024717098101973534,
      -0.0023432790767401457,
      0.12029571086168289,
      -0.0036788559518754482,
      -0.031996145844459534,
      -0.04574324190616608,
      0.010527529753744602,
      -0.06684300303459167,
      0.05829929560422897,
      -0.023609528318047523,
      -0.0267263725399971,
      0.019031157717108727,
      0.0046932450495660305,
      0.030555175617337227,
      -0.02289765700697899,
      0.04354697838425636,
      0.038547489792108536,
      -0.06543624401092529,
      0.07544458657503128,
      -0.030917247757315636,
      0.011997619643807411,
      0.008027232252061367,
      0.012753009796142578,
      0.017745791003108025,
      -0.041350629180669785,
      0.03562195971608162,
      -0.028928274288773537,
      0.06405189633369446,
      -0.0465342253446579,
      -2.3766954774001122e-33,
      -0.03924284502863884,
      0.05003751441836357,
      -0.012299606576561928,
      0.10350261628627777,
      0.050134506076574326,
      -0.018350914120674133,
      -0.037893641740083694,
      -0.030100762844085693,
      -0.0053361039608716965,
      0.07468023896217346,
      0.014794563874602318,
      -0.006283988710492849,
      0.034832973033189774,
      0.011493849568068981,
      -0.017428142949938774,
      -0.01749679632484913,
      -0.06352078914642334,
      -0.02562413364648819,
      -0.05324343591928482,
      -0.033572692424058914,
      -0.01584606058895588,
      0.08505749702453613,
      -0.06732915341854095,
      -0.02766866609454155,
      -0.005848224274814129,
      0.03820902854204178,
      -0.06933166831731796,
      -0.04467864707112312,
      0.027163170278072357,
      0.0007225835579447448,
      -0.062156978994607925,
      -0.058403462171554565,
      -0.09211580455303192,
      -0.01750900037586689,
      -0.05049791559576988,
      -0.034810323268175125,
      0.1024886816740036,
      -0.08030838519334793,
      -0.007341715507209301,
      0.04259919002652168,
      0.04871102422475815,
      0.025075044482946396,
      -0.050735242664813995,
      -0.032297130674123764,
      0.010444366373121738,
      -0.04249854013323784,
      0.05776781961321831,
      0.011425481177866459,
      0.02363639697432518,
      -0.04862256348133087,
      0.0969795510172844,
      0.05236931890249252,
      0.029227476567029953,
      -0.02466586045920849,
      0.03978282958269119,
      0.006299230735749006,
      0.07667702436447144,
      -0.031603794544935226,
      -0.05220044031739235,
      0.05965902656316757,
      0.030227400362491608,
      -0.031173236668109894,
      0.06460873037576675,
      -0.01011631079018116,
      0.07510489970445633,
      0.017124397680163383,
      0.056514836847782135,
      0.11639826744794846,
      -0.018387330695986748,
      -0.06845773756504059,
      -0.04362756013870239,
      0.04845988377928734,
      -0.05587078258395195,
      -0.05276050418615341,
      -0.07116374373435974,
      -0.07424437254667282,
      -0.058495525270700455,
      0.028037453070282936,
      -0.012993612326681614,
      0.007398551795631647,
      -0.020601337775588036,
      -0.015174200758337975,
      -0.022749288007616997,
      -0.017662251368165016,
      0.07231122255325317,
      0.09760776162147522,
      0.022628286853432655,
      -0.07258868962526321,
      0.048544786870479584,
      -0.029309913516044617,
      -0.13127560913562775,
      0.021466409787535667,
      -0.006777316797524691,
      0.0343102365732193,
      -0.012773196212947369,
      -4.02989144276944e-08,
      0.016895415261387825,
      0.026692776009440422,
      -0.021680684760212898,
      0.012960030697286129,
      0.012700546532869339,
      0.016670456156134605,
      -0.1383453756570816,
      0.08771587163209915,
      0.027158968150615692,
      0.014155070297420025,
      0.027318323031067848,
      -0.032868642359972,
      0.013235236518085003,
      0.026363259181380272,
      0.007995457388460636,
      0.006722337566316128,
      0.0680755153298378,
      0.046111252158880234,
      -0.0028130949940532446,
      -0.021644409745931625,
      0.1266450732946396,
      0.05325286462903023,
      0.016143230721354485,
      -0.007091822102665901,
      -0.014921446330845356,
      -0.012759962119162083,
      -0.019441211596131325,
      0.05540648102760315,
      -0.048502467572689056,
      0.012665626592934132,
      -0.04675954952836037,
      -0.034883517771959305,
      0.016632167622447014,
      -0.027907319366931915,
      0.058248452842235565,
      -0.05950533226132393,
      0.07706326991319656,
      -0.009246103465557098,
      0.06041349843144417,
      0.0365399494767189,
      -0.07805516570806503,
      0.046258654445409775,
      -0.01643320359289646,
      0.08553430438041687,
      0.00864680390805006,
      0.022900857031345367,
      -0.04423081874847412,
      -0.028021149337291718,
      0.003407199401408434,
      0.03304433450102806,
      0.03706507012248039,
      0.007172432728111744,
      0.016444677487015724,
      0.02690354362130165,
      0.05508780851960182,
      0.05945548042654991,
      -0.006556395441293716,
      -0.05737961083650589,
      -0.1343454122543335,
      0.06285832822322845,
      0.010771720670163631,
      -0.09128600358963013,
      -0.09543624520301819,
      0.01013787742704153
    ],
    "embedding_provider": "SentenceTransformer",
    "embedding_model": "sentence-transformers/all-MiniLM-L6-v2",
    "created_at": "2026-08-05 18:47:59.481550+00:00",
    "embedding_dimension": 384
  },
  {
    "chunk_id": "068f9f63-8bed-4f11-b914-819ce343ea9c",
    "embeddings": [
      -0.026056986302137375,
      -0.03296460956335068,
      0.051011763513088226,
      0.05630939453840256,
      -0.02002754434943199,
      -0.15509402751922607,
      -0.00395585224032402,
      -0.008934780955314636,
      -0.07200571149587631,
      0.03559301421046257,
      -0.10968311876058578,
      -0.0045774453319609165,
      0.01817850023508072,
      0.04170413687825203,
      0.00127598294056952,
      0.08877184987068176,
      -0.08948922902345657,
      -0.018605584278702736,
      0.01972373202443123,
      -0.10578102618455887,
      -0.12583139538764954,
      -0.009627263061702251,
      -0.01753823272883892,
      -0.0373554453253746,
      0.04328262060880661,
      0.08394087851047516,
      0.037323012948036194,
      -0.009686339646577835,
      -0.03738851845264435,
      -0.04487237334251404,
      -0.04982324689626694,
      0.004148895852267742,
      0.014944611117243767,
      0.015545392408967018,
      -0.03514188155531883,
      0.023246051743626595,
      0.050102416425943375,
      0.026707030832767487,
      0.02187005802989006,
      0.016204833984375,
      -0.041944295167922974,
      -0.06268540769815445,
      -0.011476883664727211,
      -0.04384400323033333,
      -0.018780644983053207,
      -0.04313112795352936,
      0.025358187034726143,
      -0.1054718941450119,
      0.06384039670228958,
      0.039725515991449356,
      -0.08717270195484161,
      -0.07304855436086655,
      0.022363873198628426,
      0.04315481707453728,
      -0.010076572187244892,
      0.020423179492354393,
      0.06447545439004898,
      0.05947389453649521,
      0.012353110127151012,
      -0.06303250044584274,
      0.03758310154080391,
      -0.019217543303966522,
      -0.004936378449201584,
      -0.01649567484855652,
      -0.005637944210320711,
      -0.0003642148803919554,
      -0.07473825663328171,
      0.09319832921028137,
      0.03791896998882294,
      -0.10248184949159622,
      0.009572702459990978,
      -0.012623244896531105,
      -0.019911741837859154,
      0.04762177914381027,
      0.0594911091029644,
      -0.006001051049679518,
      0.02707490883767605,
      -0.03977878391742706,
      0.09477589279413223,
      -0.017945410683751106,
      0.0542733259499073,
      -0.03386668488383293,
      -0.08375724405050278,
      0.07632599025964737,
      -0.02835402451455593,
      -0.056082647293806076,
      -0.02883128449320793,
      0.0802743136882782,
      -0.012916916981339455,
      -0.020255299285054207,
      0.06651949882507324,
      -0.05110432207584381,
      0.01268096175044775,
      0.002548780757933855,
      -0.025817498564720154,
      0.02377369999885559,
      -0.025492887943983078,
      -0.06291613727807999,
      0.01541044283658266,
      -0.017263293266296387,
      -0.050259023904800415,
      -0.005978783592581749,
      0.03655661642551422,
      0.0270041786134243,
      -0.009172279387712479,
      0.01140907034277916,
      -0.018569188192486763,
      -0.07485221326351166,
      0.04703245684504509,
      -0.009781605564057827,
      -0.05184834077954292,
      0.038979414850473404,
      -0.03787590563297272,
      -0.005501853302121162,
      -0.04528353735804558,
      -0.012472630478441715,
      -0.10152285546064377,
      0.002227167133241892,
      -0.008800570853054523,
      0.01051329541951418,
      -0.07804425060749054,
      0.08010049164295197,
      -0.06304489076137543,
      -0.03845767304301262,
      0.06852978467941284,
      0.003288913518190384,
      -0.04471293464303017,
      -2.9774883901357275e-34,
      -0.05685378983616829,
      -0.02007528953254223,
      0.02326364815235138,
      0.06121977046132088,
      0.1018906682729721,
      -0.05754387006163597,
      0.001654943567700684,
      0.0037895487621426582,
      -0.050523851066827774,
      0.01716332882642746,
      -0.011413033120334148,
      0.15638449788093567,
      -0.01226347591727972,
      0.01573447324335575,
      0.047584500163793564,
      -0.029258335009217262,
      0.007284929975867271,
      0.024734660983085632,
      -0.03802971541881561,
      0.007937627844512463,
      0.012964019551873207,
      -0.029068296775221825,
      0.0029085292480885983,
      0.07432214170694351,
      0.08627935498952866,
      -0.050617948174476624,
      -0.003903577569872141,
      0.040928494185209274,
      0.05848066136240959,
      0.021909166127443314,
      -0.021257517859339714,
      -0.017928095534443855,
      0.0025313810911029577,
      0.04470090940594673,
      0.059064142405986786,
      0.03777005895972252,
      -0.010833662934601307,
      -0.07663115113973618,
      0.0742255449295044,
      0.07718032598495483,
      -0.06107858568429947,
      0.028256723657250404,
      0.009767106734216213,
      -0.016458170488476753,
      -0.07545997202396393,
      0.005984609480947256,
      0.06906824558973312,
      0.021457964554429054,
      0.02335800789296627,
      -0.005658406298607588,
      -0.011102121323347092,
      -0.06254922598600388,
      0.048274338245391846,
      0.044938333332538605,
      0.05432311072945595,
      0.0673394426703453,
      0.02018698677420616,
      -0.11935677379369736,
      -0.011614261195063591,
      0.04164350405335426,
      -0.06400525569915771,
      0.051457490772008896,
      0.007340766489505768,
      -0.029790906235575676,
      -0.018466774374246597,
      0.052907876670360565,
      0.06348410248756409,
      0.07755199819803238,
      0.07084260880947113,
      -0.016213197261095047,
      -0.056234002113342285,
      0.008624909445643425,
      0.027294376865029335,
      -0.044168952852487564,
      0.054129112511873245,
      0.03441673889756203,
      -0.002304666442796588,
      -0.04806298017501831,
      0.015249853022396564,
      0.07880838215351105,
      0.005385266616940498,
      -0.02044958993792534,
      0.06266719102859497,
      0.032561853528022766,
      0.024982616305351257,
      0.05105892941355705,
      -0.03250695392489433,
      0.019838253036141396,
      -0.04133905842900276,
      0.027668043971061707,
      -0.08066427707672119,
      0.008128057233989239,
      -0.022354628890752792,
      0.03762001544237137,
      -0.01547662727534771,
      -9.495602958324129e-34,
      -0.03642250597476959,
      0.003440258791670203,
      -0.03067794069647789,
      0.08191368728876114,
      0.05430230498313904,
      0.0319012813270092,
      0.07009327411651611,
      -0.10773957520723343,
      0.010459456592798233,
      -0.005911440588533878,
      -0.064922995865345,
      -0.024870239198207855,
      0.0005595018155872822,
      0.01863960362970829,
      -2.8228438168298453e-05,
      0.01666039414703846,
      -0.08510667085647583,
      0.011719443835318089,
      -0.07600314170122147,
      0.01511889323592186,
      -0.06069343164563179,
      0.06400277465581894,
      -0.07195411622524261,
      -0.02653481997549534,
      0.043322283774614334,
      -0.04922615364193916,
      -0.04935382306575775,
      -0.061214420944452286,
      0.05455635115504265,
      0.04570088908076286,
      0.014620023779571056,
      0.027201944962143898,
      0.03279738873243332,
      -0.053728796541690826,
      0.024773119017481804,
      -0.020516972988843918,
      0.0572291724383831,
      -0.046253327280282974,
      0.05573778972029686,
      -0.05752033740282059,
      0.04114586114883423,
      0.0053214444778859615,
      -0.03715366870164871,
      -0.013536933809518814,
      -0.033142250031232834,
      -0.02691803313791752,
      -0.012366172857582569,
      0.11941651999950409,
      -0.02538064494729042,
      -0.055502939969301224,
      0.037687625735998154,
      0.04357406497001648,
      0.0034592088777571917,
      -0.04758832976222038,
      0.031530529260635376,
      -0.017717719078063965,
      0.10109295696020126,
      -0.002296560676768422,
      -0.14855550229549408,
      0.043936390429735184,
      -0.03662928193807602,
      -0.008238479495048523,
      0.14195086061954498,
      0.020059121772646904,
      -0.04305162653326988,
      0.057527318596839905,
      0.03442242369055748,
      0.022178761661052704,
      -0.09972558915615082,
      -0.10047529637813568,
      0.08647453784942627,
      -0.005267011467367411,
      0.015014365315437317,
      0.025031236931681633,
      -0.058241456747055054,
      -0.010160326026380062,
      -0.06137804314494133,
      -0.041432205587625504,
      -0.019983427599072456,
      0.12467630207538605,
      0.05164497718214989,
      -0.07797282189130783,
      0.015536466613411903,
      -0.016342001035809517,
      -0.004243755713105202,
      0.06542995572090149,
      -0.021942974999547005,
      -0.08210112154483795,
      -0.049919210374355316,
      -0.12531623244285583,
      -0.13893142342567444,
      -0.08062240481376648,
      -0.11137212812900543,
      0.0569915771484375,
      0.031291328370571136,
      -3.586051988690997e-08,
      0.011765715666115284,
      0.0028952390421181917,
      0.02241598814725876,
      -0.061131320893764496,
      0.004293989390134811,
      -0.0059171621687710285,
      -0.05240701138973236,
      0.09054026752710342,
      -0.010141587816178799,
      0.05574741214513779,
      0.04328123480081558,
      -0.00817184615880251,
      -0.034719318151474,
      0.02645016834139824,
      0.06535123288631439,
      0.03760814294219017,
      0.0851866826415062,
      -0.015518921427428722,
      -0.013004829175770283,
      0.026946397498250008,
      0.06556038558483124,
      0.03715311735868454,
      -0.022365137934684753,
      -0.01009422168135643,
      0.051836270838975906,
      -0.02485574595630169,
      -0.01914147101342678,
      -0.00785820372402668,
      -0.018770474940538406,
      -0.026828179135918617,
      0.044439174234867096,
      -0.06820638477802277,
      -0.006358747370541096,
      -0.012808607891201973,
      0.08133022487163544,
      -0.08323856443166733,
      0.09207440167665482,
      -0.011132956482470036,
      0.0034354752860963345,
      0.013840394094586372,
      -0.03182681277394295,
      0.07865415513515472,
      -0.038605403155088425,
      0.029778869822621346,
      -0.07927829772233963,
      0.013194506987929344,
      -0.003921923227608204,
      0.06420757621526718,
      0.016892405226826668,
      0.0803072601556778,
      0.04291093721985817,
      0.02814233861863613,
      -0.025795597583055496,
      0.030641691759228706,
      0.07867167890071869,
      0.07016637921333313,
      -0.011767215095460415,
      -0.02350693568587303,
      -0.09204766154289246,
      0.09525187313556671,
      -0.0035590650513768196,
      -0.033516835421323776,
      0.015893954783678055,
      0.017015421763062477
    ],
    "embedding_provider": "SentenceTransformer",
    "embedding_model": "sentence-transformers/all-MiniLM-L6-v2",
    "created_at": "2026-08-05 18:47:59.481562+00:00",
    "embedding_dimension": 384
  },
  {
    "chunk_id": "797f1ed6-872a-4607-8fb5-8202afd58bd9",
    "embeddings": [
      -0.021962594240903854,
      -0.0843280628323555,
      0.043439701199531555,
      0.10171058773994446,
      -0.03931274265050888,
      -0.11102792620658875,
      0.01368797104805708,
      0.029021305963397026,
      -0.0675303041934967,
      -0.050673626363277435,
      -0.07092176377773285,
      -0.05481388792395592,
      0.027016764506697655,
      0.07606737315654755,
      0.03174251690506935,
      0.06550572067499161,
      -0.020772283896803856,
      -0.005214995238929987,
      0.01506406906992197,
      -0.10790455341339111,
      -0.07793623954057693,
      -0.0359952449798584,
      -0.012734136544167995,
      -0.06895965337753296,
      -0.01498173177242279,
      -0.006089992355555296,
      0.015374993905425072,
      0.015067119151353836,
      -0.009358810260891914,
      -0.042379140853881836,
      -0.03645703196525574,
      -0.015490789897739887,
      0.07320252060890198,
      0.056746505200862885,
      0.008370534516870975,
      0.006689058151096106,
      0.04232301563024521,
      0.05111842602491379,
      0.06759234517812729,
      0.030409902334213257,
      -0.0045324633829295635,
      -0.008889993652701378,
      -0.026410667225718498,
      -0.03302144259214401,
      -0.0119198402389884,
      -0.06786522269248962,
      0.03857524320483208,
      -0.06907390058040619,
      0.004071523435413837,
      0.03265511244535446,
      -0.09235267341136932,
      -0.027982722967863083,
      -0.018753329291939735,
      -0.0003792287316173315,
      0.038707852363586426,
      0.017657320946455002,
      0.08108814805746078,
      0.04718031361699104,
      -0.05150797963142395,
      0.00011968274338869378,
      0.004803504794836044,
      0.008681198582053185,
      -0.022192642092704773,
      -0.017274044454097748,
      -0.028183873742818832,
      0.013747788965702057,
      -0.01616686023771763,
      0.07953424006700516,
      -0.015279538929462433,
      -0.13169646263122559,
      -0.054313771426677704,
      -0.028303148224949837,
      -0.06669625639915466,
      0.01592923328280449,
      0.031868740916252136,
      0.037095099687576294,
      0.061884794384241104,
      -0.03452005237340927,
      0.10073886811733246,
      0.02127661556005478,
      0.07843238860368729,
      -0.002931304043158889,
      -0.10375842452049255,
      0.027304356917738914,
      -0.03770851343870163,
      -0.036389246582984924,
      -0.06209929659962654,
      0.02634921483695507,
      -0.024155527353286743,
      0.051255010068416595,
      0.06353448331356049,
      -0.01646699756383896,
      0.05927262827754021,
      0.052756451070308685,
      0.015257940627634525,
      0.003648162353783846,
      -0.0048581138253211975,
      -0.03343203663825989,
      0.01088209543377161,
      -0.014652689918875694,
      -0.04759928956627846,
      -0.07278057187795639,
      -0.009718060493469238,
      0.10132019221782684,
      -0.10959647595882416,
      0.013340573757886887,
      -0.0017196879489347339,
      -0.048723138868808746,
      -0.05117975175380707,
      -0.016129247844219208,
      -0.0048200031742453575,
      0.01094827614724636,
      -0.05531584098935127,
      0.007474040146917105,
      -0.03577324002981186,
      0.006520704831928015,
      -0.14969199895858765,
      0.03588486090302467,
      0.010099354200065136,
      0.018487541005015373,
      -0.06253797560930252,
      0.0532611608505249,
      -0.03496689721941948,
      0.07289113104343414,
      0.11722078174352646,
      -0.007616933435201645,
      -0.027782075107097626,
      -1.4005318158631717e-33,
      -0.006744821090251207,
      0.00469209486618638,
      0.047075919806957245,
      0.06000818684697151,
      0.035891093313694,
      -0.021575452759861946,
      0.01731579378247261,
      -0.007794084958732128,
      -0.03368888050317764,
      0.03998250514268875,
      -0.042722396552562714,
      0.13981285691261292,
      -0.006799369119107723,
      -9.498556755715981e-05,
      -0.015095768496394157,
      0.032476264983415604,
      -0.03906648978590965,
      0.00012536195572465658,
      -0.055042631924152374,
      -0.0014166359324008226,
      0.015044932253658772,
      -0.04490138217806816,
      -0.02092038094997406,
      0.02034929394721985,
      0.07516620308160782,
      -0.007684345357120037,
      0.010514719411730766,
      -0.03736351057887077,
      0.04583793506026268,
      0.025717316195368767,
      -0.04265425726771355,
      -0.013090255670249462,
      -0.07189847528934479,
      0.011257783509790897,
      0.06775131076574326,
      0.03370780125260353,
      -0.03754540532827377,
      -0.047272928059101105,
      0.07755408436059952,
      0.04470917209982872,
      -0.040383026003837585,
      0.006624613422900438,
      0.005292422603815794,
      -0.0025860690511763096,
      -0.08664652705192566,
      -0.03470912203192711,
      0.026195302605628967,
      0.03987868130207062,
      0.03585712984204292,
      0.01816858910024166,
      -0.0629282295703888,
      -0.05733593925833702,
      0.06310004740953445,
      -0.026363931596279144,
      0.039988379925489426,
      0.0530523806810379,
      0.052891798317432404,
      -0.06323079019784927,
      0.027168037369847298,
      0.04566710814833641,
      -0.09471212327480316,
      0.06743502616882324,
      -0.04900277405977249,
      0.0013109929859638214,
      -0.04034777730703354,
      -0.02179480344057083,
      0.006948748603463173,
      -0.0058274297043681145,
      0.1416740119457245,
      0.022719090804457664,
      -0.07222679257392883,
      -0.0357290580868721,
      0.08178899437189102,
      0.031021753326058388,
      -0.006455858703702688,
      -0.021223952993750572,
      -0.055254027247428894,
      -0.02854204922914505,
      0.03359690308570862,
      0.027963966131210327,
      -0.01930234767496586,
      -0.04859979823231697,
      0.05487595126032829,
      0.02720693312585354,
      0.05898921191692352,
      0.01126945111900568,
      -0.023450594395399094,
      -0.016694677993655205,
      -0.033827416598796844,
      0.039118725806474686,
      -0.06060514599084854,
      -0.026876267045736313,
      0.00538290711119771,
      0.09580931067466736,
      -0.008150513283908367,
      1.6236115375366782e-35,
      0.029726900160312653,
      -0.02301810123026371,
      -0.00786779634654522,
      0.011774765327572823,
      0.12170815467834473,
      0.021843018010258675,
      0.10333853960037231,
      -0.05091513320803642,
      0.06569857150316238,
      0.015069621615111828,
      -0.02554955706000328,
      0.06012687832117081,
      0.014564038254320621,
      0.027896177023649216,
      -0.03270817548036575,
      0.0023060603998601437,
      -0.1314062923192978,
      0.04450185224413872,
      -0.054682131856679916,
      -0.01227140985429287,
      -0.023702118545770645,
      0.01055813580751419,
      -0.049698054790496826,
      0.01062125526368618,
      0.043694037944078445,
      -0.008665760047733784,
      0.022755371406674385,
      -0.008633780293166637,
      0.00424253148958087,
      0.05813780799508095,
      -0.022431254386901855,
      -0.00774659588932991,
      0.030015652999281883,
      -0.030207986012101173,
      -0.024518851190805435,
      0.013446819968521595,
      0.08387966454029083,
      -0.06613560020923615,
      2.817171480273828e-05,
      0.06971097737550735,
      0.03277363255620003,
      -0.013589735142886639,
      0.028987698256969452,
      -0.04229579493403435,
      0.003720412263646722,
      0.0345049723982811,
      0.05139925703406334,
      0.055459216237068176,
      -0.04804718494415283,
      -0.030889321118593216,
      0.015778962522745132,
      0.016716638579964638,
      0.031291019171476364,
      0.010710487142205238,
      0.008648077957332134,
      0.05578545853495598,
      0.09759259223937988,
      -0.050198256969451904,
      -0.03882210701704025,
      0.06549582630395889,
      0.09981474280357361,
      0.02588699199259281,
      0.134153351187706,
      0.006987086497247219,
      -0.03234511613845825,
      0.004831560421735048,
      0.03416510298848152,
      0.025448009371757507,
      -0.12857475876808167,
      -0.02106534317135811,
      0.02807079814374447,
      -0.026978811249136925,
      0.01762273721396923,
      -0.050220463424921036,
      -0.062051739543676376,
      -0.06485959887504578,
      -0.15925973653793335,
      -0.014528443105518818,
      -0.03921093791723251,
      0.053905196487903595,
      -0.0633775144815445,
      -0.03359353914856911,
      -0.050874263048172,
      0.06971437484025955,
      0.05136306211352348,
      0.08908384293317795,
      -0.04669000953435898,
      -0.009332120418548584,
      0.025677984580397606,
      -0.10544878244400024,
      -0.11321842670440674,
      -0.06336282938718796,
      -0.1197587326169014,
      0.004691234789788723,
      -0.00834166444838047,
      -3.029346018479373e-08,
      -0.036062147468328476,
      0.0311242938041687,
      0.008826774545013905,
      0.0396261140704155,
      0.042664237320423126,
      -0.0015022596344351768,
      -0.09670034050941467,
      0.03690597414970398,
      0.068365179002285,
      0.04073803126811981,
      0.07226776331663132,
      -0.041511353105306625,
      0.0041437335312366486,
      -0.0575992614030838,
      0.0905751958489418,
      -0.018502280116081238,
      -0.03348929435014725,
      -0.009633162058889866,
      0.010349133051931858,
      0.013777008280158043,
      0.09566421061754227,
      0.02662750333547592,
      -0.049956679344177246,
      -0.021129734814167023,
      0.029126562178134918,
      -0.06454477459192276,
      -0.14713047444820404,
      0.04460122808814049,
      -0.0444430410861969,
      0.0024390744511038065,
      0.020525764673948288,
      0.004792929161339998,
      0.04976252466440201,
      -0.07535041868686676,
      0.08951720595359802,
      -0.04157421365380287,
      0.09395844489336014,
      -0.00544513575732708,
      -0.05252130702137947,
      -0.05122300609946251,
      -0.07025296241044998,
      0.010699205100536346,
      0.02589225210249424,
      0.042134519666433334,
      0.0042233578860759735,
      0.07458261400461197,
      -0.051164187490940094,
      0.05095848813652992,
      0.07013291865587234,
      0.02512526512145996,
      0.04055369272828102,
      0.0066020917147397995,
      -0.08846981823444366,
      0.059304215013980865,
      0.06555523723363876,
      0.0880979672074318,
      0.00946491677314043,
      0.004121371544897556,
      -0.07518421113491058,
      0.04062322899699211,
      -0.0206059031188488,
      -0.04215291142463684,
      -0.020777016878128052,
      -0.017083996906876564
    ],
    "embedding_provider": "SentenceTransformer",
    "embedding_model": "sentence-transformers/all-MiniLM-L6-v2",
    "created_at": "2026-08-05 18:47:59.481574+00:00",
    "embedding_dimension": 384
  },
  {
    "chunk_id": "db1cae58-4999-4ebd-8967-a11b75cf4a32",
    "embeddings": [
      -0.07772627472877502,
      -0.03928372636437416,
      0.03239624947309494,
      0.015097314491868019,
      -0.019867226481437683,
      -0.0756620392203331,
      0.11330431699752808,
      -0.0040202634409070015,
      -0.0407625176012516,
      -0.0030264451634138823,
      -0.07223393768072128,
      -0.09137783944606781,
      0.04385218024253845,
      0.0034663190599530935,
      -0.03425637632608414,
      -0.014264499768614769,
      -0.01737140491604805,
      -0.03738129884004593,
      0.07674004137516022,
      -0.14587707817554474,
      -0.051049139350652695,
      -0.00866472814232111,
      -0.012631885707378387,
      -0.10741391032934189,
      -0.021554574370384216,
      -0.022547733038663864,
      0.06471388041973114,
      0.024501431733369827,
      -0.010410776361823082,
      -0.051102131605148315,
      -0.0160830095410347,
      0.02307771146297455,
      0.011372930370271206,
      0.052902527153491974,
      0.09531653672456741,
      0.0917377695441246,
      -0.05343462526798248,
      0.04351089522242546,
      0.010066351853311062,
      0.013905985280871391,
      0.046488866209983826,
      -0.031914182007312775,
      -0.040821656584739685,
      -0.042979247868061066,
      -0.0062944055534899235,
      -0.04500648379325867,
      0.04495490714907646,
      0.009555717930197716,
      -0.010919292457401752,
      -0.010111563839018345,
      -0.11438514292240143,
      -0.03157107159495354,
      0.053020864725112915,
      0.03741462156176567,
      0.003044907469302416,
      -0.04084145277738571,
      0.05270947143435478,
      -0.014789790846407413,
      -0.020169559866189957,
      -0.04193834960460663,
      0.03809437155723572,
      0.01584719493985176,
      -0.11197322607040405,
      -0.002622190397232771,
      0.05890467390418053,
      0.013342794962227345,
      -0.009455215185880661,
      0.10232731699943542,
      -0.030127836391329765,
      -0.06930312514305115,
      -0.0008684642380103469,
      -0.028448717668652534,
      -0.09723932296037674,
      0.03697873651981354,
      0.008432219736278057,
      -0.0013671767665073276,
      0.014463218860328197,
      -0.00604825746268034,
      0.10026996582746506,
      0.013346405699849129,
      0.02844998426735401,
      -0.03146221488714218,
      -0.0749206617474556,
      0.06731915473937988,
      -0.08611086010932922,
      -0.01212595496326685,
      0.004159360192716122,
      0.0528709776699543,
      0.009896276518702507,
      -0.0422452874481678,
      0.04502644017338753,
      0.03473751246929169,
      -0.031611014157533646,
      0.00044812445412389934,
      0.004818314220756292,
      -0.058220572769641876,
      -0.005526240915060043,
      0.016639400273561478,
      -0.015556331723928452,
      0.05203848332166672,
      0.029555290937423706,
      -0.03924935683608055,
      -0.02018730714917183,
      0.057730671018362045,
      -0.057419553399086,
      0.1058393120765686,
      -0.04633555933833122,
      0.04086583852767944,
      0.024605685845017433,
      -0.01701963320374489,
      -0.08552151173353195,
      0.04758772626519203,
      -0.09904910624027252,
      0.006555517204105854,
      0.018157238140702248,
      0.02252158708870411,
      -0.13361868262290955,
      0.0778873860836029,
      -0.028969448059797287,
      0.03449825569987297,
      0.014694977551698685,
      0.12689918279647827,
      -0.17944321036338806,
      -0.03624146431684494,
      -0.038296256214380264,
      -0.05073409527540207,
      -0.04393701255321503,
      1.996566501954101e-33,
      -0.0114519614726305,
      0.037656836211681366,
      0.0944799929857254,
      0.05211107060313225,
      -0.011937448754906654,
      -0.020604899153113365,
      -0.021041302010416985,
      0.011222976259887218,
      -0.03992658481001854,
      0.008724482730031013,
      -0.018810968846082687,
      0.0021886401809751987,
      0.04644443839788437,
      -0.05201927572488785,
      -0.09241847693920135,
      0.021078821271657944,
      0.04624389111995697,
      0.009755498729646206,
      -0.016639932990074158,
      0.02978118322789669,
      0.04035266488790512,
      -0.04434502497315407,
      0.004765731282532215,
      0.005647512152791023,
      0.0687003955245018,
      -0.03134484589099884,
      0.026818541809916496,
      -0.08081219345331192,
      0.16356298327445984,
      0.023585103452205658,
      0.059158891439437866,
      0.0037113407161086798,
      -0.014092158526182175,
      -0.028295565396547318,
      0.03171944245696068,
      0.004223260562866926,
      0.008078278042376041,
      -0.07383021712303162,
      0.010905048809945583,
      -0.006587423384189606,
      -0.02218363806605339,
      0.057398900389671326,
      0.06160932034254074,
      0.0019443657947704196,
      -0.030620027333498,
      0.00418358389288187,
      0.12086368352174759,
      0.017816362902522087,
      0.020067362114787102,
      0.05832063779234886,
      -0.09659919142723083,
      0.006594059057533741,
      -0.06387584656476974,
      -0.004930596798658371,
      -0.01854834333062172,
      0.005770871415734291,
      0.06597337126731873,
      0.006294645369052887,
      0.006706672254949808,
      0.04521353542804718,
      -0.08325441181659698,
      -0.07623878121376038,
      -0.0830087810754776,
      -0.004092808812856674,
      -0.037221964448690414,
      -0.0015159896574914455,
      -0.006621156819164753,
      -0.05497040972113609,
      0.11160576343536377,
      -0.00683271000161767,
      -0.03520732372999191,
      0.005445822607725859,
      0.07165902853012085,
      0.06403125077486038,
      -0.010688217356801033,
      0.03205449879169464,
      -0.0475454144179821,
      0.03130060061812401,
      -0.04328412190079689,
      0.03586602210998535,
      -0.0832505151629448,
      0.07806207239627838,
      -0.039517831057310104,
      -0.01704617775976658,
      0.1198621615767479,
      0.06074545904994011,
      0.009669755585491657,
      -0.04571745917201042,
      0.04375360161066055,
      0.03523411601781845,
      -0.018299708142876625,
      0.01527310162782669,
      0.03141646832227707,
      0.04681957885622978,
      -0.04575162008404732,
      -3.259185187981475e-33,
      -0.00817377120256424,
      0.004428519401699305,
      0.014016814529895782,
      0.03909055143594742,
      0.0909353643655777,
      -0.007837900891900063,
      -0.003520173253491521,
      0.04486085847020149,
      0.044139277189970016,
      0.061053115874528885,
      -0.028372030705213547,
      0.045623619109392166,
      0.05083248391747475,
      -0.005518036428838968,
      -0.005957369226962328,
      0.0030183412600308657,
      0.00781278870999813,
      0.020482176914811134,
      -0.07243383675813675,
      -0.03922649845480919,
      -0.03866163268685341,
      0.11664610356092453,
      -0.07045071572065353,
      0.019034523516893387,
      0.06089009344577789,
      0.02626136876642704,
      -0.005262127611786127,
      0.03522522374987602,
      0.002066015498712659,
      0.07631050795316696,
      -0.04804382845759392,
      -0.024438289925456047,
      -0.15291878581047058,
      0.010026451200246811,
      -0.04774237424135208,
      -0.03707414120435715,
      0.09645766019821167,
      -0.08130742609500885,
      0.02125602960586548,
      0.006652992684394121,
      0.000506478943862021,
      0.01870395988225937,
      -0.023223714902997017,
      -0.0753755271434784,
      -0.022450542077422142,
      -0.13778060674667358,
      0.05848591774702072,
      0.043786682188510895,
      0.00384127045981586,
      -0.08268662542104721,
      -0.004892333876341581,
      0.031431425362825394,
      0.04028214514255524,
      -0.025867754593491554,
      0.04382864013314247,
      0.01574091613292694,
      0.07242485135793686,
      0.011027234606444836,
      -0.04599486291408539,
      -0.021725568920373917,
      0.015050023794174194,
      0.039184778928756714,
      0.06576970219612122,
      0.07897520810365677,
      0.05257285013794899,
      -0.023168714717030525,
      0.01415111031383276,
      -0.019583817571401596,
      0.0022363902535289526,
      -0.10937774926424026,
      -0.02238442189991474,
      0.006454092916101217,
      -0.00918497983366251,
      -0.023243721574544907,
      -0.056004274636507034,
      -0.010481842793524265,
      -0.03453410416841507,
      0.007489917334169149,
      -0.012372048571705818,
      0.07848410308361053,
      0.0016543345991522074,
      0.028643636032938957,
      0.025573544204235077,
      -0.027586007490754128,
      0.04945489391684532,
      0.08413179963827133,
      0.04460379481315613,
      -0.0329648032784462,
      0.04616796225309372,
      -0.10231667011976242,
      -0.11381623148918152,
      -0.024768132716417313,
      0.009346556849777699,
      0.019955234602093697,
      0.03200523927807808,
      -3.917672586339904e-08,
      -0.005426432006061077,
      -0.04603409022092819,
      -0.006444600410759449,
      0.007760852575302124,
      -0.03365272656083107,
      -0.06222387030720711,
      -0.112513966858387,
      0.050444964319467545,
      0.042390529066324234,
      -0.03356916084885597,
      -0.01955709047615528,
      -0.024112744256854057,
      0.035383500158786774,
      -0.012854146771132946,
      0.07597493380308151,
      -0.017297688871622086,
      0.03561486303806305,
      0.03606734797358513,
      -0.04616864398121834,
      -0.04647554084658623,
      0.07401162385940552,
      0.05659037455916405,
      -0.03568585589528084,
      0.012803195044398308,
      -0.0020278492011129856,
      0.04433829337358475,
      0.03677132725715637,
      -0.004388783592730761,
      -0.09732802212238312,
      0.0016074267914518714,
      -0.05278981477022171,
      0.05022411793470383,
      -0.01595166139304638,
      -0.09027830511331558,
      0.09037467837333679,
      -0.05631133168935776,
      0.08210688829421997,
      -0.007734243758022785,
      0.027338357642292976,
      -0.02379118837416172,
      -0.041628967970609665,
      0.04463178664445877,
      0.015856266021728516,
      0.02832246571779251,
      -0.03817832097411156,
      0.07489968836307526,
      -0.011959258466959,
      -0.008485387079417706,
      -0.029402706772089005,
      -0.020296799018979073,
      -0.015901770442724228,
      -0.037546709179878235,
      0.10164829343557358,
      0.037572529166936874,
      0.026175443083047867,
      0.01772029884159565,
      -0.031128089874982834,
      0.00754080805927515,
      -0.06614058464765549,
      0.022661242634058,
      0.06465104967355728,
      -0.06463306397199631,
      -0.044348035007715225,
      -0.036077823489904404
    ],
    "embedding_provider": "SentenceTransformer",
    "embedding_model": "sentence-transformers/all-MiniLM-L6-v2",
    "created_at": "2026-08-05 18:47:59.481586+00:00",
    "embedding_dimension": 384
  },
  {
    "chunk_id": "ce1db56d-08ae-4e0b-8b1f-a3c0b3303718",
    "embeddings": [
      -0.02524511143565178,
      0.04051085188984871,
      -0.027914918959140778,
      0.013375218026340008,
      -0.02393336407840252,
      -0.0031933269929140806,
      -0.005929425824433565,
      -0.032204482704401016,
      -0.022656749933958054,
      -0.011919154785573483,
      -0.060331180691719055,
      -0.026269936934113503,
      0.03544824570417404,
      0.0443803071975708,
      -0.03614427149295807,
      0.07572221755981445,
      0.03765137121081352,
      -0.054864551872015,
      0.058146584779024124,
      -0.058460138738155365,
      -0.03971543535590172,
      -0.04743845760822296,
      -0.01923069730401039,
      -0.07027947902679443,
      0.03496905416250229,
      0.009632527828216553,
      -0.023952411487698555,
      -0.014563415199518204,
      -0.058817408978939056,
      -0.06539790332317352,
      -0.05536796152591705,
      -0.09328729659318924,
      0.030670786276459694,
      -0.013384774327278137,
      0.03601459413766861,
      0.06646778434515,
      0.04994281753897667,
      0.09165109694004059,
      0.05733548849821091,
      -0.05674237385392189,
      -0.04835308715701103,
      -0.04394828528165817,
      -0.0520353838801384,
      -0.06689704209566116,
      -0.017835984006524086,
      -0.07803540676832199,
      0.05263229086995125,
      -0.056807827204465866,
      -0.004478826653212309,
      0.04206763207912445,
      -0.02642875537276268,
      -0.10182224959135056,
      0.053443342447280884,
      -0.0518762469291687,
      -0.04082191735506058,
      0.06423218548297882,
      0.025340160354971886,
      0.010077522136271,
      0.02683420293033123,
      -0.03444468975067139,
      -0.01919098012149334,
      -0.02857649326324463,
      -0.056559450924396515,
      0.01852937787771225,
      -0.010968546383082867,
      0.010830880142748356,
      -0.0382973812520504,
      0.042910389602184296,
      -0.038228631019592285,
      -0.07835249602794647,
      -0.07065097242593765,
      -0.07972729951143265,
      -0.10444817692041397,
      -0.06045417860150337,
      0.10039618611335754,
      0.04196317121386528,
      0.0511159710586071,
      0.022350335493683815,
      0.06876742839813232,
      -0.06359093636274338,
      0.03923691809177399,
      0.0011375013273209333,
      -0.08431272208690643,
      0.1277974247932434,
      0.01580411195755005,
      -0.020553017035126686,
      -0.020723965018987656,
      -0.037965551018714905,
      -0.007400077767670155,
      0.024165555834770203,
      0.07472824305295944,
      -0.008137366734445095,
      0.08602584898471832,
      -0.011368529871106148,
      0.055117301642894745,
      -0.09824894368648529,
      -0.05963429436087608,
      0.020900994539260864,
      0.06607845425605774,
      0.02279488742351532,
      0.015188457444310188,
      0.02802099473774433,
      0.025781482458114624,
      0.008760306052863598,
      -0.07224512845277786,
      0.011119523085653782,
      0.01478255819529295,
      0.03301147744059563,
      0.022461628541350365,
      0.000580600812099874,
      0.018920104950666428,
      0.06039634719491005,
      -0.05759689211845398,
      -0.01705901511013508,
      0.08665123581886292,
      0.05020730942487717,
      -0.15482918918132782,
      0.028150273486971855,
      -0.017987176775932312,
      0.06003167852759361,
      0.0494457446038723,
      0.14183537662029266,
      0.017785953357815742,
      0.0008985697641037405,
      0.033038388937711716,
      -0.011984639801084995,
      0.017895279452204704,
      5.4029871328218675e-34,
      0.0194019116461277,
      0.09513713419437408,
      0.007453508675098419,
      0.05681697651743889,
      0.03299889713525772,
      0.022652460262179375,
      -0.06009362265467644,
      0.05462968349456787,
      -0.011310037225484848,
      0.024939680472016335,
      0.02415989153087139,
      0.16218477487564087,
      0.01098120678216219,
      -0.03509525582194328,
      0.017634911462664604,
      0.0334685817360878,
      -0.016452962532639503,
      0.05809423327445984,
      -0.004664385691285133,
      -0.003431437537074089,
      -0.01637694053351879,
      -0.06482978165149689,
      0.02925545535981655,
      0.028264537453651428,
      0.07774846255779266,
      0.002917391713708639,
      -0.004480772651731968,
      0.03340815380215645,
      0.013026040978729725,
      0.03270617127418518,
      0.02543087676167488,
      -0.039688944816589355,
      -0.03551739081740379,
      -0.012950855307281017,
      -0.029214821755886078,
      0.014419054612517357,
      0.026180220767855644,
      -0.12924040853977203,
      0.06630470603704453,
      0.020646195858716965,
      -0.03580565005540848,
      0.05925000458955765,
      0.02956421673297882,
      -0.06525743007659912,
      -0.051564883440732956,
      -0.012234462425112724,
      0.05514787137508392,
      0.02800840325653553,
      0.059954479336738586,
      0.11677088588476181,
      -0.0873066633939743,
      -0.06803194433450699,
      -0.053500767797231674,
      0.02292746491730213,
      -0.013744925148785114,
      0.019954301416873932,
      0.02035343088209629,
      -0.007605746388435364,
      0.05235522612929344,
      -0.03355032950639725,
      0.06141051650047302,
      0.10786063224077225,
      -0.07774104177951813,
      0.008192070759832859,
      -0.11789797991514206,
      0.01654595509171486,
      0.06459582597017288,
      -0.007387327495962381,
      0.06341484934091568,
      0.038239624351263046,
      0.0075708674266934395,
      -0.03684793785214424,
      -0.026216039434075356,
      0.001390043762512505,
      0.03614230081439018,
      -0.029886320233345032,
      -0.06030293554067612,
      0.047359105199575424,
      -0.016609041020274162,
      0.04853062331676483,
      -0.017631493508815765,
      0.004272583872079849,
      0.007554461248219013,
      -0.027120135724544525,
      0.0856078639626503,
      0.018976710736751556,
      0.05042906478047371,
      -0.06940363347530365,
      0.01979428343474865,
      0.0549481064081192,
      -0.07219484448432922,
      0.0071245282888412476,
      0.034018658101558685,
      0.124076709151268,
      -0.0866391584277153,
      -2.3284504341774808e-33,
      -0.038106340914964676,
      -0.03634173050522804,
      0.04775223881006241,
      0.003552640089765191,
      0.04909833148121834,
      -0.012323279865086079,
      0.03188242018222809,
      -0.04823584482073784,
      -0.029240485280752182,
      0.01274429727345705,
      -0.010263074189424515,
      0.03900207579135895,
      -0.016476521268486977,
      0.013161160051822662,
      0.06236032769083977,
      -0.010780497454106808,
      -0.003794602118432522,
      -0.0781235471367836,
      -0.07381702959537506,
      -0.05207791179418564,
      0.04786665737628937,
      0.05714329704642296,
      0.01330485474318266,
      0.03698088973760605,
      -0.012835182249546051,
      0.00845451932400465,
      -0.04497932642698288,
      -0.05950237065553665,
      0.01681104674935341,
      0.028295308351516724,
      -0.07647924870252609,
      0.04646719619631767,
      -0.006938741076737642,
      0.04013814404606819,
      -0.10499372333288193,
      -0.06261327117681503,
      -0.04916394501924515,
      -0.07404675334692001,
      0.0175680760294199,
      0.003614170243963599,
      0.016306066885590553,
      -0.042052168399095535,
      0.00037250909372232854,
      -0.03361930325627327,
      -0.00772338779643178,
      -0.046920519322156906,
      0.0003877350245602429,
      0.011838854290544987,
      -0.03451000899076462,
      -0.047585368156433105,
      -0.02356916293501854,
      0.044037241488695145,
      -0.021530702710151672,
      -0.00583947217091918,
      -0.07223714888095856,
      0.017992636188864708,
      0.1303120106458664,
      -0.03432900086045265,
      -0.020024146884679794,
      -0.02998785488307476,
      0.03574161231517792,
      0.06297462433576584,
      0.049240563064813614,
      0.011435113847255707,
      0.016521897166967392,
      -0.009591870941221714,
      0.10005974024534225,
      -0.031538479030132294,
      -0.06970762461423874,
      -0.02003260888159275,
      0.0406288243830204,
      -0.07344649732112885,
      -0.0656469315290451,
      -0.019529255107045174,
      -0.12698403000831604,
      -0.00045446661533787847,
      -0.05861538648605347,
      -0.0966462716460228,
      -0.042171966284513474,
      -0.04420887306332588,
      -0.08901853114366531,
      0.047319915145635605,
      0.03469298407435417,
      -0.009361657314002514,
      -0.020872054621577263,
      0.03872423991560936,
      -0.05153064429759979,
      -0.10644368082284927,
      0.027172459289431572,
      0.008988269604742527,
      -0.04671959578990936,
      -0.056505899876356125,
      -0.04177258908748627,
      -0.008024421520531178,
      -0.006622295826673508,
      -4.121677932289458e-08,
      0.026497697457671165,
      0.10036817938089371,
      0.04984516277909279,
      0.06164991855621338,
      -0.0021979298908263445,
      -0.08789996057748795,
      -0.05397436395287514,
      0.08647339046001434,
      0.05479593575000763,
      0.01711985468864441,
      0.04429789260029793,
      -0.05715325102210045,
      0.012596084736287594,
      -0.018284013494849205,
      0.1191890761256218,
      -0.017266221344470978,
      0.05203591287136078,
      0.07954660803079605,
      -0.04025835543870926,
      -0.04358432814478874,
      0.01798558421432972,
      0.06393656879663467,
      -0.018424222245812416,
      -0.026899229735136032,
      -0.032398562878370285,
      -0.04905105009675026,
      -0.03346796706318855,
      0.08710817992687225,
      -0.03275953233242035,
      -0.04860074818134308,
      -0.03125589340925217,
      0.06519003957509995,
      0.016480106860399246,
      -0.0682503953576088,
      -0.011604897677898407,
      -0.0310217197984457,
      0.05248267576098442,
      -0.01711052656173706,
      -0.020244812592864037,
      0.005905352532863617,
      -0.02576625719666481,
      -0.027967335656285286,
      0.07461890578269958,
      0.024963542819023132,
      -0.10745380073785782,
      0.01794460043311119,
      -0.049847621470689774,
      -0.037233322858810425,
      0.06654807180166245,
      0.04353936016559601,
      0.024409141391515732,
      -0.008465336635708809,
      0.06730575859546661,
      0.02890337072312832,
      0.035934217274188995,
      0.0697833001613617,
      -0.013511198572814465,
      -0.06958648562431335,
      -0.05758576840162277,
      0.023134052753448486,
      0.11645232886075974,
      -0.049515120685100555,
      -0.02774122916162014,
      -0.04297153279185295
    ],
    "embedding_provider": "SentenceTransformer",
    "embedding_model": "sentence-transformers/all-MiniLM-L6-v2",
    "created_at": "2026-08-05 18:47:59.481600+00:00",
    "embedding_dimension": 384
  },
  {
    "chunk_id": "7d12a69c-982b-48f3-9e10-88536955b50a",
    "embeddings": [
      -0.03330916538834572,
      -0.08418392390012741,
      0.03898433968424797,
      0.06794804334640503,
      0.004089206922799349,
      -0.14994722604751587,
      0.0026315769646316767,
      -0.029833868145942688,
      -0.12076554447412491,
      0.028445065021514893,
      -0.0732768252491951,
      -0.033040083944797516,
      0.04570675641298294,
      0.039116039872169495,
      -0.0130684282630682,
      0.002680363832041621,
      -0.07205311208963394,
      -0.061866529285907745,
      0.1128024309873581,
      -0.13590723276138306,
      -0.09337632358074188,
      0.037593916058540344,
      -0.017862899228930473,
      -0.09830707311630249,
      0.05394633114337921,
      0.06660284101963043,
      0.06212453916668892,
      0.009765512309968472,
      -0.056094177067279816,
      -0.058447711169719696,
      -0.04625481367111206,
      2.8835451303166337e-05,
      -0.02038496732711792,
      0.06628618389368057,
      -0.005852798465639353,
      -0.010426553897559643,
      0.07060741633176804,
      0.0006606178940273821,
      0.055099550634622574,
      0.012950637377798557,
      -0.0051195211708545685,
      -0.04325835779309273,
      0.004943032283335924,
      -0.0004475499445106834,
      0.037289343774318695,
      -0.05041782930493355,
      0.004290795419365168,
      -0.07208410650491714,
      0.05600792169570923,
      0.014157415367662907,
      -0.05204552412033081,
      -0.028718281537294388,
      -0.04984858259558678,
      0.01682950183749199,
      -0.009788849391043186,
      0.004930802620947361,
      0.02241157740354538,
      0.06370452046394348,
      -0.020933648571372032,
      -0.04698989540338516,
      -0.011717499233782291,
      -0.0054631903767585754,
      -0.020782411098480225,
      0.02702530100941658,
      0.023043829947710037,
      -0.02272273600101471,
      -0.05120199918746948,
      0.1393856704235077,
      0.03733169287443161,
      -0.05789640173316002,
      0.004530078731477261,
      -9.93138673948124e-05,
      -0.05875123292207718,
      0.049694132059812546,
      0.07832033932209015,
      -0.008099933154881,
      0.07882598787546158,
      -0.012023068964481354,
      0.07647322863340378,
      -0.010863987728953362,
      0.04159343242645264,
      -0.01515946164727211,
      -0.08606111258268356,
      0.04162910208106041,
      -0.04274541512131691,
      -0.09757611155509949,
      -0.029260773211717606,
      0.04567968100309372,
      0.005267178174108267,
      -0.036028966307640076,
      0.14508244395256042,
      -0.030139777809381485,
      0.005053662229329348,
      0.05245308205485344,
      -0.02564537152647972,
      0.011703151278197765,
      -0.04781315475702286,
      -0.04099369794130325,
      0.03299236297607422,
      0.005469964351505041,
      -0.05789472907781601,
      -0.057521920651197433,
      -0.028739377856254578,
      0.07596936076879501,
      0.0034925753716379404,
      0.03887345641851425,
      0.029582805931568146,
      -0.017822103574872017,
      0.004118960816413164,
      0.010970581322908401,
      -0.04962523281574249,
      0.09874783456325531,
      -0.09843675792217255,
      0.011943445540964603,
      -0.0258956179022789,
      0.06918824464082718,
      -0.11135948449373245,
      0.07616516202688217,
      -0.022663939744234085,
      0.07841359078884125,
      -0.07017379254102707,
      0.13631902635097504,
      -0.06805316358804703,
      -0.0638720691204071,
      -0.0032570092007517815,
      -0.04772600904107094,
      -0.06314099580049515,
      5.771667935494853e-36,
      -0.05777205154299736,
      -0.023866713047027588,
      0.026641137897968292,
      0.035634346306324005,
      0.032695937901735306,
      -0.003715850878506899,
      -0.007085980381816626,
      0.029720205813646317,
      -0.06993227452039719,
      0.05878417566418648,
      -0.019478995352983475,
      0.13847976922988892,
      -0.06152940168976784,
      0.050968367606401443,
      0.05673561245203018,
      0.053694672882556915,
      0.018396718427538872,
      -0.01149066910147667,
      -0.048203423619270325,
      -0.0177787896245718,
      0.04370807856321335,
      -0.003310632426291704,
      -0.010011429898440838,
      0.027818147093057632,
      0.03140747547149658,
      0.02577069215476513,
      -0.030628550797700882,
      -0.012009973637759686,
      0.08091773092746735,
      0.029556594789028168,
      -0.010503802448511124,
      -0.030097361654043198,
      -0.03958132863044739,
      -0.00819549523293972,
      0.04369965195655823,
      0.0016274427762255073,
      -0.003133998718112707,
      -0.060928523540496826,
      0.05827689915895462,
      0.0114931371062994,
      -0.032012805342674255,
      0.05934567004442215,
      0.0641167014837265,
      -0.020285790786147118,
      -0.0845140740275383,
      -0.0030142490286380053,
      0.07212226837873459,
      0.03778941184282303,
      0.027697931975126266,
      0.05990252643823624,
      -0.05213074013590813,
      -0.09562070667743683,
      -0.01551070250570774,
      0.03656873106956482,
      -0.006468757521361113,
      0.0400029681622982,
      0.02976658195257187,
      -0.040872637182474136,
      -0.03419890254735947,
      -0.023585431277751923,
      -0.03846801817417145,
      0.019227853044867516,
      -0.0057964324951171875,
      -0.1065736636519432,
      -0.057617489248514175,
      0.08320196717977524,
      0.0215045977383852,
      0.019979767501354218,
      0.12146343290805817,
      0.024725291877985,
      -0.08301608264446259,
      -0.0031384965404868126,
      -0.03127186372876167,
      -0.014119822531938553,
      0.041090842336416245,
      0.02427453175187111,
      -0.022308798506855965,
      -0.0829550102353096,
      0.009274269454181194,
      0.05472060292959213,
      0.02071768417954445,
      0.03713182359933853,
      0.007367479149252176,
      -0.005239866208285093,
      0.04852011799812317,
      0.07224591076374054,
      0.005257864948362112,
      -0.028103062883019447,
      0.04318978637456894,
      -0.002956929849460721,
      -0.020295029506087303,
      0.010853404179215431,
      0.01816720888018608,
      0.013371691107749939,
      -0.07035141438245773,
      -1.566979152710219e-33,
      -0.005830756388604641,
      0.02653944119811058,
      -0.006429691333323717,
      0.07731495052576065,
      0.04451756551861763,
      -0.006917545106261969,
      0.026771744713187218,
      0.004957531578838825,
      -0.00846275594085455,
      0.006583227310329676,
      -0.010489477775990963,
      -0.00891142152249813,
      0.050781071186065674,
      0.03333578631281853,
      -0.028504682704806328,
      0.03815002366900444,
      -0.07094258069992065,
      -0.01899026334285736,
      -0.11582977324724197,
      -0.026022234931588173,
      -0.03788753226399422,
      0.07533321529626846,
      -0.06660668551921844,
      -0.017247378826141357,
      0.02542535960674286,
      -0.03706379979848862,
      -0.0037987681571394205,
      -0.02324013225734234,
      0.0132686085999012,
      0.045092467218637466,
      -0.023455949500203133,
      0.030572043731808662,
      -0.01530859898775816,
      -0.051464326679706573,
      0.012383433990180492,
      -0.06645025312900543,
      0.08513309806585312,
      -0.039773739874362946,
      0.006023996509611607,
      0.01877785101532936,
      0.04900011792778969,
      0.043925557285547256,
      -0.015092719346284866,
      0.03753203898668289,
      -0.004885734058916569,
      -0.03384047746658325,
      0.07215487211942673,
      0.11757760494947433,
      0.03567642718553543,
      -0.09920547902584076,
      0.03063456155359745,
      0.03546847030520439,
      0.049412112683057785,
      -0.024126926437020302,
      0.07333724200725555,
      -0.011094696819782257,
      0.037509240210056305,
      -0.025914771482348442,
      -0.0899524986743927,
      -0.016762951388955116,
      -0.0004950085422024131,
      0.015264295972883701,
      0.05129806324839592,
      0.02103000320494175,
      -0.008524947799742222,
      0.008346487767994404,
      0.017464928328990936,
      0.06470294296741486,
      -0.08276288211345673,
      -0.11423900723457336,
      0.07144270092248917,
      0.020049957558512688,
      -0.015843208879232407,
      -0.03014685958623886,
      -0.08169760555028915,
      -0.061803270131349564,
      -0.06939191371202469,
      -0.03517814353108406,
      -0.009188024327158928,
      0.07399044185876846,
      -0.029669595882296562,
      -0.025200165808200836,
      -0.01930723525583744,
      0.025553643703460693,
      0.04920794442296028,
      0.08903951942920685,
      -0.007161303889006376,
      -0.10052582621574402,
      0.051109764724969864,
      -0.11245840787887573,
      -0.11204090714454651,
      0.0043717361986637115,
      -0.05857539176940918,
      0.006992328446358442,
      0.008402600884437561,
      -3.454852404161102e-08,
      -0.012703613378107548,
      0.014596128836274147,
      -0.02456512674689293,
      0.017007535323500633,
      0.0011262699263170362,
      0.07022790610790253,
      -0.10047060251235962,
      0.052550058811903,
      0.037112340331077576,
      0.019990224391222,
      0.024220021441578865,
      -0.032332275062799454,
      -0.018717700615525246,
      -0.015379577875137329,
      0.06951054185628891,
      0.0679943710565567,
      0.1401492953300476,
      -0.01640462875366211,
      0.039407890290021896,
      0.010599876753985882,
      0.06104431673884392,
      0.03796219080686569,
      -0.04725796356797218,
      0.013043129816651344,
      -0.021941790357232094,
      -0.0036598551087081432,
      -0.0012497066054493189,
      0.013449507765471935,
      -0.04308945685625076,
      0.00715052941814065,
      -0.04633485525846481,
      -0.06630490720272064,
      -0.007072544191032648,
      -0.08023721724748611,
      0.04894857481122017,
      -0.044152043759822845,
      0.10355056077241898,
      -0.04487200826406479,
      0.03895253688097,
      0.007904967293143272,
      -0.009037857875227928,
      0.04521369934082031,
      -0.02985933981835842,
      0.004687188658863306,
      -0.06530815362930298,
      0.057624753564596176,
      0.04848557338118553,
      0.00592230586335063,
      0.030472740530967712,
      0.08889074623584747,
      0.01655798777937889,
      -0.05328755080699921,
      -0.026575500145554543,
      -0.032628316432237625,
      0.0450047142803669,
      0.008547588251531124,
      -0.03039858117699623,
      -0.03201134875416756,
      -0.12099272757768631,
      0.04341724514961243,
      0.07206552475690842,
      -0.07165208458900452,
      -0.05007317662239075,
      0.01195197831839323
    ],
    "embedding_provider": "SentenceTransformer",
    "embedding_model": "sentence-transformers/all-MiniLM-L6-v2",
    "created_at": "2026-08-05 18:47:59.481614+00:00",
    "embedding_dimension": 384
  },
  {
    "chunk_id": "8830f6d9-7ebe-4c57-bf4d-567fa5bb4692",
    "embeddings": [
      -0.07979640364646912,
      -0.03865649923682213,
      -0.03094615787267685,
      0.029432181268930435,
      0.04523250088095665,
      -0.07943221181631088,
      -0.044270992279052734,
      0.09727150201797485,
      -0.08002395182847977,
      -0.05668552219867706,
      -0.08534162491559982,
      -0.05569067597389221,
      0.030580734834074974,
      -0.003303465899080038,
      -0.017372826114296913,
      -0.03681201860308647,
      0.01049757283180952,
      -0.004517801105976105,
      0.0075872959569096565,
      -0.10538484156131744,
      -0.05040806159377098,
      -0.036727722734212875,
      0.0154902134090662,
      -0.009681385941803455,
      0.08299922198057175,
      0.000974545138888061,
      0.015306158922612667,
      0.03418204188346863,
      -0.04149537533521652,
      -0.039609767496585846,
      -0.0787682756781578,
      -0.056740108877420425,
      0.02787298709154129,
      -0.014049641788005829,
      -0.04318096861243248,
      -0.012742871418595314,
      -0.03748338297009468,
      -0.012286035344004631,
      -0.07386928051710129,
      -0.08755899965763092,
      0.012304329313337803,
      -0.041930776089429855,
      -0.02146119810640812,
      0.021044384688138962,
      0.016230229288339615,
      -2.5233644919353537e-05,
      0.08192723989486694,
      -0.03112536109983921,
      -0.013345252722501755,
      0.007860196754336357,
      -0.08407340198755264,
      -0.06474443525075912,
      -0.03466500714421272,
      -0.05932782590389252,
      -0.06114457920193672,
      0.043357111513614655,
      0.06311499327421188,
      -0.012217146344482899,
      0.023913946002721786,
      -0.12483556568622589,
      -0.02031342312693596,
      -0.016247734427452087,
      -0.055220238864421844,
      -0.006472949869930744,
      0.010074015706777573,
      0.07338663935661316,
      -0.0053613316267728806,
      0.04235069081187248,
      0.057750072330236435,
      -0.11261788010597229,
      -0.01574203185737133,
      0.05594782531261444,
      -0.02490750327706337,
      0.00903236959129572,
      -0.028706103563308716,
      -0.019201131537556648,
      0.09182577580213547,
      0.02507280372083187,
      0.01613030396401882,
      -0.033805493265390396,
      -0.0015724161639809608,
      -0.006497865542769432,
      -0.06330046057701111,
      0.07415508478879929,
      0.07700325548648834,
      -0.016357731074094772,
      0.05353714898228645,
      0.14460857212543488,
      -0.03807474672794342,
      -0.03030143305659294,
      0.07005272060632706,
      -0.03774624317884445,
      -0.00705961836501956,
      0.0048826453275978565,
      -0.025153884664177895,
      0.07475287467241287,
      -0.006625222973525524,
      -0.06079055368900299,
      -0.06434641778469086,
      0.01236867904663086,
      -0.029423890635371208,
      -0.04533814638853073,
      -0.011654498986899853,
      -0.06823798269033432,
      0.07618390768766403,
      0.01233032438904047,
      0.007650667801499367,
      0.043082691729068756,
      0.01629163883626461,
      -0.0015786484582349658,
      0.01772417314350605,
      -0.0718686431646347,
      -0.07591195404529572,
      -0.06230442598462105,
      0.11435975879430771,
      0.07784188538789749,
      -0.044812604784965515,
      -0.0004523415118455887,
      -0.06607144325971603,
      0.10278461873531342,
      -0.04844841733574867,
      0.04602367430925369,
      0.016221510246396065,
      -0.0372154600918293,
      0.06070040911436081,
      0.03497467562556267,
      -0.06511729210615158,
      7.661304176115933e-34,
      -0.12702587246894836,
      0.019781481474637985,
      0.012852431274950504,
      -0.031729806214571,
      0.020851444453001022,
      -0.014249197207391262,
      -0.03273767605423927,
      0.0919729545712471,
      0.03160635754466057,
      -0.025623111054301262,
      0.030256081372499466,
      0.050159841775894165,
      -0.028276264667510986,
      0.04398640990257263,
      0.04563065245747566,
      -0.06657356023788452,
      0.053389277309179306,
      0.04465877637267113,
      0.03917018324136734,
      -0.020733052864670753,
      0.011608976870775223,
      -0.04933057352900505,
      -0.007704060059040785,
      -0.02588101662695408,
      0.0379694327712059,
      0.051460206508636475,
      0.0766754299402237,
      0.03608505427837372,
      0.045979034155607224,
      0.0036637710873037577,
      0.005581784527748823,
      0.0036912241484969854,
      -0.02056111954152584,
      0.008052859455347061,
      -0.06039874628186226,
      -0.034026648849248886,
      -0.0429915115237236,
      -0.06736407428979874,
      0.031618762761354446,
      0.08757224678993225,
      -0.08013951778411865,
      0.05098813399672508,
      0.0205399040132761,
      -0.004254907835274935,
      -0.005031371023505926,
      0.02611532248556614,
      -0.01047590933740139,
      0.01639971137046814,
      -0.04500662162899971,
      0.08024724572896957,
      -0.012364412657916546,
      -0.0041986857540905476,
      -0.030940966680645943,
      0.07994786649942398,
      -0.06108017638325691,
      0.009615784510970116,
      0.1057603508234024,
      -0.09416786581277847,
      0.05862930044531822,
      -0.047398220747709274,
      -0.015870561823248863,
      0.018822036683559418,
      -0.04119250923395157,
      -0.029584132134914398,
      -0.07667089998722076,
      0.05821797624230385,
      0.10741568356752396,
      -0.005683562718331814,
      -0.056483376771211624,
      0.04532448947429657,
      -0.05415929853916168,
      -0.06713853776454926,
      0.04845729097723961,
      -0.04340631887316704,
      0.04691295325756073,
      0.007274012081325054,
      0.034553103148937225,
      0.05253777652978897,
      0.011861074715852737,
      -0.010899640619754791,
      -0.03204943984746933,
      0.02642151713371277,
      0.05725165456533432,
      -0.06471482664346695,
      0.041364822536706924,
      -0.01769573986530304,
      -0.027470877394080162,
      0.02025926671922207,
      -0.0554652102291584,
      0.05262720584869385,
      -0.07464775443077087,
      0.06977451592683792,
      -0.05599258095026016,
      0.053537920117378235,
      -0.03140449896454811,
      -3.687250272041042e-34,
      -0.08646848052740097,
      0.05735207349061966,
      0.034873779863119125,
      0.08682378381490707,
      0.08900033682584763,
      -0.038874126970767975,
      -0.07631867378950119,
      -0.007900741882622242,
      0.07582635432481766,
      0.019576696678996086,
      -0.01767539605498314,
      -0.027692919597029686,
      0.0325235016644001,
      -0.012182837352156639,
      -0.0167757049202919,
      -0.012430339120328426,
      0.03421765938401222,
      -0.03166582062840462,
      -0.0001783495827112347,
      -0.09967410564422607,
      -0.10842405259609222,
      0.0753350704908371,
      -0.0899430587887764,
      -0.04764176905155182,
      -0.06591006368398666,
      -0.0047705997712910175,
      -0.04767673835158348,
      0.012895702384412289,
      0.011630628257989883,
      -0.05523140728473663,
      -0.0455203652381897,
      0.0151701420545578,
      -0.032604046165943146,
      -0.0690179169178009,
      -0.04659073054790497,
      0.015165784396231174,
      0.025684989988803864,
      0.007047969847917557,
      0.014767099171876907,
      0.028605427592992783,
      0.10109709948301315,
      0.002563115442171693,
      -0.017098557204008102,
      -0.049318961799144745,
      -0.06823905557394028,
      -0.0011869833106175065,
      -0.09741486608982086,
      0.026010097935795784,
      0.0476694218814373,
      0.08181270956993103,
      0.0016850429819896817,
      0.10925360023975372,
      -0.05374101176857948,
      -0.019794462248682976,
      -0.021489731967449188,
      0.021482711657881737,
      0.08559098839759827,
      -0.013162338174879551,
      -0.05548778921365738,
      0.05053681880235672,
      -0.02646583318710327,
      0.0005828076973557472,
      0.07947906851768494,
      -0.010428892448544502,
      0.05600892752408981,
      0.02961697429418564,
      0.03850565105676651,
      0.010268387384712696,
      0.05300866812467575,
      -0.0005735558224841952,
      0.06169053539633751,
      0.04634929075837135,
      0.04032846540212631,
      0.028994936496019363,
      -0.07726289331912994,
      -0.06184463948011398,
      -0.01122843287885189,
      0.05325709283351898,
      0.03273790329694748,
      -0.01690148003399372,
      0.05171438679099083,
      0.0630890503525734,
      0.06056167930364609,
      -0.0258309468626976,
      -0.05936291441321373,
      0.038449060171842575,
      0.06021111086010933,
      0.020706243813037872,
      0.06012224033474922,
      -0.006247950717806816,
      -0.07206893712282181,
      0.05501893535256386,
      0.022274622693657875,
      0.07886689156293869,
      -0.05972335860133171,
      -3.747092236494609e-08,
      -0.017044274136424065,
      0.04032289981842041,
      0.06542342901229858,
      0.08829342573881149,
      -0.07670796662569046,
      0.030097801238298416,
      0.005376532208174467,
      0.11242134124040604,
      0.06756559014320374,
      0.020447537302970886,
      0.03841289505362511,
      -0.06811569631099701,
      -0.08602321147918701,
      0.05782710760831833,
      -0.00631456496194005,
      -0.01426623109728098,
      0.06278190016746521,
      0.03953332081437111,
      -0.018521372228860855,
      -0.07457967102527618,
      0.10145414620637894,
      0.042283497750759125,
      0.02698020078241825,
      -0.008916959166526794,
      0.0391828753054142,
      -0.014408199116587639,
      0.035167962312698364,
      0.06947876513004303,
      -0.05869988352060318,
      0.026083534583449364,
      -0.04788809269666672,
      0.007402463350445032,
      0.021095294505357742,
      0.02318769320845604,
      0.04430484026670456,
      -0.015162757597863674,
      0.016767147928476334,
      0.007049173582345247,
      0.04829110577702522,
      0.057798538357019424,
      -0.020541630685329437,
      0.0064587644301354885,
      -0.046421512961387634,
      0.00695554306730628,
      0.009404166601598263,
      -0.0700395479798317,
      -0.015312536619603634,
      -0.0642920508980751,
      0.06355204433202744,
      0.03223877027630806,
      0.022136954590678215,
      0.04518668353557587,
      -0.013302444480359554,
      -0.006027696654200554,
      0.1398307979106903,
      0.05950755625963211,
      -0.002431887900456786,
      -0.062191132456064224,
      -0.05551879107952118,
      0.04300349950790405,
      -0.002282564528286457,
      -0.10056032985448837,
      -0.04862198233604431,
      0.09061998128890991
    ],
    "embedding_provider": "SentenceTransformer",
    "embedding_model": "sentence-transformers/all-MiniLM-L6-v2",
    "created_at": "2026-08-05 18:47:59.481628+00:00",
    "embedding_dimension": 384
  },
  {
    "chunk_id": "498b13ba-ae49-4f3d-8a3a-eb4d333da4df",
    "embeddings": [
      0.04393935576081276,
      -0.0441494882106781,
      0.004701974801719189,
      0.1242527961730957,
      0.005250624381005764,
      -0.070772185921669,
      -0.010255064815282822,
      -0.03112422488629818,
      -0.10237599909305573,
      -0.007515268865972757,
      -0.08262824267148972,
      -0.026348868384957314,
      -0.017938844859600067,
      0.05669916421175003,
      0.024948881939053535,
      0.12293026596307755,
      -0.009306968189775944,
      -0.029232023283839226,
      0.07852943241596222,
      -0.08573038130998611,
      -0.08658240735530853,
      -0.004882891196757555,
      -0.029081542044878006,
      -0.07696562260389328,
      0.0185676421970129,
      -0.026185330003499985,
      0.02517537958920002,
      0.003250033361837268,
      -0.019599374383687973,
      -0.041395850479602814,
      -0.018622271716594696,
      0.016254404559731483,
      0.06732316315174103,
      0.07759721577167511,
      0.030558839440345764,
      0.00853818655014038,
      0.06517033278942108,
      0.05701101943850517,
      0.07000155001878738,
      0.04955356940627098,
      0.0011950978077948093,
      -0.023306379094719887,
      -0.038257405161857605,
      -0.047497957944869995,
      -0.037471044808626175,
      -0.07098240405321121,
      -0.04072914645075798,
      -0.011891732923686504,
      0.01648320071399212,
      0.04893822595477104,
      -0.06416704505681992,
      -0.030204590409994125,
      0.015522808767855167,
      0.03337008133530617,
      -0.0012241759104654193,
      0.06260935217142105,
      0.0023088371381163597,
      -0.002449693623930216,
      0.015805698931217194,
      0.0006034952239133418,
      0.030445367097854614,
      -0.001171698560938239,
      -0.029069235548377037,
      0.014347904361784458,
      0.03631899505853653,
      0.000443841825472191,
      -0.0754045769572258,
      0.1310177445411682,
      -0.05874434858560562,
      -0.07623377442359924,
      0.012663159519433975,
      -0.068711057305336,
      -0.08362004905939102,
      -0.002476149471476674,
      0.0812346562743187,
      0.0036471043713390827,
      0.047682274132966995,
      -0.07147829234600067,
      0.1066397875547409,
      -0.013079129159450531,
      0.015899701043963432,
      -0.03625532239675522,
      -0.1265956610441208,
      0.07664316892623901,
      -0.06246328726410866,
      -0.08259083330631256,
      -0.021281590685248375,
      0.0014963914873078465,
      -0.07497597485780716,
      0.047820378094911575,
      0.03683310002088547,
      0.03872178867459297,
      0.04306476563215256,
      0.0327688567340374,
      0.012779956683516502,
      -0.017847437411546707,
      -0.02794055826961994,
      0.006893547717481852,
      0.014613235369324684,
      0.024949217215180397,
      -0.05467831343412399,
      0.004611635580658913,
      0.013803101144731045,
      0.034119874238967896,
      -0.10547654330730438,
      -0.0346762053668499,
      -0.006281280890107155,
      0.04118960723280907,
      -0.015094684436917305,
      0.07450209558010101,
      -0.012528365477919579,
      0.035468440502882004,
      -0.04373260587453842,
      -0.03802686184644699,
      0.021656762808561325,
      -0.0036846520379185677,
      -0.12350770086050034,
      -0.00816142838448286,
      0.014267023652791977,
      0.026247750967741013,
      -0.06391667574644089,
      0.10952135175466537,
      0.022304395213723183,
      -0.007646961137652397,
      0.06048671901226044,
      -0.023631704971194267,
      -0.04621703922748566,
      3.640442408415535e-34,
      -0.020827706903219223,
      0.009814602322876453,
      0.04373853653669357,
      -0.006473838351666927,
      0.046096060425043106,
      0.0064316303469240665,
      -0.029720040038228035,
      0.007516723126173019,
      -0.0345490425825119,
      0.09008689969778061,
      0.012107505463063717,
      0.16675806045532227,
      0.011832615360617638,
      0.04259528964757919,
      0.002310448559001088,
      0.04837366193532944,
      0.032478999346494675,
      0.004839871544390917,
      -0.08085929602384567,
      0.026449361816048622,
      0.013410009443759918,
      -0.05443355068564415,
      -0.0394451804459095,
      0.07230459898710251,
      0.09773022681474686,
      -0.006199661176651716,
      0.029421474784612656,
      0.01710386388003826,
      0.09734958410263062,
      0.05073827505111694,
      -0.023555515334010124,
      -0.009112803265452385,
      -0.07531373202800751,
      -0.018076814711093903,
      0.014084748923778534,
      -0.010626954957842827,
      -0.04314688593149185,
      -0.08022736012935638,
      -0.03782546520233154,
      0.005432142410427332,
      -0.04031633213162422,
      0.005883269943296909,
      0.022098224610090256,
      -0.009371206164360046,
      -0.11847063899040222,
      0.016936402767896652,
      0.07576540857553482,
      0.023001188412308693,
      0.09213637560606003,
      0.07576353847980499,
      -0.06683716177940369,
      -0.06836067885160446,
      -0.03588418290019035,
      0.032775525003671646,
      0.023590058088302612,
      0.027911920100450516,
      0.013659008778631687,
      -0.0945541262626648,
      0.03813840448856354,
      0.00762743828818202,
      -0.05477587506175041,
      0.046658705919981,
      -0.025964349508285522,
      -0.04046275466680527,
      -0.07599357515573502,
      -0.04694739356637001,
      0.0017529540928080678,
      -0.005517651326954365,
      0.12334895133972168,
      0.008015168830752373,
      -0.014284632168710232,
      -0.04757940024137497,
      0.068962462246418,
      -0.017102526500821114,
      0.0223404373973608,
      0.022273719310760498,
      -0.12537722289562225,
      -0.020490949973464012,
      0.0026222544256597757,
      0.027392921969294548,
      0.050709642469882965,
      -0.07564501464366913,
      0.10331474989652634,
      0.03416558355093002,
      0.026912497356534004,
      -0.0012228793930262327,
      0.026829667389392853,
      -0.014675064012408257,
      0.0088541554287076,
      0.039446309208869934,
      -0.06206997483968735,
      0.0454062893986702,
      -0.018771162256598473,
      0.011206087656319141,
      -0.04587719216942787,
      -1.6649738719245343e-33,
      -0.03286830335855484,
      -0.031937453895807266,
      0.009282004088163376,
      -0.007813844829797745,
      0.11475371569395065,
      0.035625822842121124,
      0.04669176787137985,
      -0.0664859414100647,
      0.0575990229845047,
      0.01180389616638422,
      -0.03149037808179855,
      0.03633801266551018,
      0.01400800608098507,
      -0.013596614822745323,
      0.012957662343978882,
      0.017473993822932243,
      -0.09722758084535599,
      -0.05277089402079582,
      -0.07222927361726761,
      -0.02560754492878914,
      -0.05703236907720566,
      0.03950238227844238,
      -0.019247611984610558,
      -0.008835205808281898,
      0.02024928666651249,
      0.0043365792371332645,
      0.04512074217200279,
      0.012026995420455933,
      0.05478223040699959,
      0.08402388542890549,
      -0.07623029500246048,
      0.03474811464548111,
      -0.001227318774908781,
      0.01155999954789877,
      -0.041251592338085175,
      0.03934614732861519,
      0.0807710811495781,
      -0.07217220962047577,
      -0.016347572207450867,
      -0.013668039813637733,
      0.011773672886192799,
      0.021817993372678757,
      -0.02382310852408409,
      -0.06730341911315918,
      0.013235379010438919,
      0.005231882445514202,
      -0.018934665247797966,
      0.11008471250534058,
      -0.012406975030899048,
      -0.07685232907533646,
      -0.010537114925682545,
      0.05314905568957329,
      0.04884668439626694,
      0.016910051926970482,
      0.010705435648560524,
      0.028254341334104538,
      0.06912317126989365,
      -0.042294543236494064,
      0.02742687799036503,
      0.06499656289815903,
      0.009080271236598492,
      0.034889694303274155,
      0.11961182206869125,
      0.057145003229379654,
      -0.017096295952796936,
      -0.05207029730081558,
      0.04810557886958122,
      -0.023836564272642136,
      -0.06510042399168015,
      -0.0686633363366127,
      0.039060622453689575,
      0.004424164071679115,
      0.033767007291316986,
      -0.00779943959787488,
      -0.10546600818634033,
      -0.030485082417726517,
      -0.04885159060359001,
      -0.008208460174500942,
      -0.02170521952211857,
      0.029550012201070786,
      -0.04520004242658615,
      -0.029154669493436813,
      -0.024045635014772415,
      0.03608391433954239,
      0.07397517561912537,
      -0.015041397884488106,
      -0.05552320182323456,
      -0.03517220541834831,
      0.0015952737303450704,
      -0.014891435392200947,
      -0.13847218453884125,
      -0.05358909070491791,
      -0.16141913831233978,
      0.0021974106784909964,
      0.009403417818248272,
      -3.838485440610384e-08,
      -0.06701139360666275,
      -0.03790463134646416,
      0.04414452984929085,
      0.017712239176034927,
      0.04047250375151634,
      -0.019016042351722717,
      -0.03843972086906433,
      0.06618573516607285,
      0.06325141340494156,
      0.09563776850700378,
      0.07779598236083984,
      -0.018166862428188324,
      -0.001341864001005888,
      -0.010233845561742783,
      0.05712462589144707,
      -0.026569031178951263,
      0.07551154494285583,
      -0.02663198672235012,
      0.023085149005055428,
      0.025133071467280388,
      0.07484578341245651,
      0.031611692160367966,
      -0.043751124292612076,
      -0.0331273190677166,
      0.046150825917720795,
      -0.02648356556892395,
      -0.0986504852771759,
      0.05594899132847786,
      -0.08199722319841385,
      -0.032076288014650345,
      -0.04559091106057167,
      0.04651320353150368,
      0.039470382034778595,
      -0.12741701304912567,
      0.07350186258554459,
      -0.02629541978240013,
      0.030382707715034485,
      -0.045044783502817154,
      -0.0910622850060463,
      -0.0043461741879582405,
      -0.027868857607245445,
      0.05651451274752617,
      -0.0373409129679203,
      0.009493549354374409,
      -0.040515776723623276,
      0.01934705302119255,
      -0.009520803578197956,
      0.07016520202159882,
      0.06734901666641235,
      0.024027040228247643,
      -0.03048750013113022,
      -0.010929204523563385,
      -0.013537866063416004,
      -0.04618746414780617,
      0.04702836647629738,
      0.04697909951210022,
      -0.023608215153217316,
      -0.04994858428835869,
      -0.02986876107752323,
      0.03851022198796272,
      0.029424749314785004,
      -0.04322216659784317,
      -0.07746278494596481,
      -0.02441331371665001
    ],
    "embedding_provider": "SentenceTransformer",
    "embedding_model": "sentence-transformers/all-MiniLM-L6-v2",
    "created_at": "2026-08-05 18:47:59.481640+00:00",
    "embedding_dimension": 384
  }
]